Workbook

Sheet PRICING
A2: SMDI
A3: UPDATE: OCTBER 13, 2025 11:30 AM BY: I.T. DEPT.
A4: D.Price | B4: BRAND/MODEL | C4: DP | D4: 6 | E4: 12 | F4: 18 | G4: 24 | H4: 30 | I4: 36 | K4: LCP | L4: COD | M4: 30 Days | N4: 60 Days | O4: 90 Days | P4: I.R. ( + ) | R4: 6 | S4: 12-36 | U4: Rebate | W4: DATE | X4: MB
C5: BELOW
A6: SUZUKI
A7: 84900 | B7: ACCESS 125 (UZ125NEY) | C7: 20000 | D7: =IF(C7>=1,(K7-C7)*(1+P7*$D$4/100)/$D$4+Q7+R7,"") -> 12975.487 | E7: =IF(C7>=1,(K7-C7)*(1+P7*$E$4/100)/$E$4+Q7+S7,"") -> 7220.7369 | F7: =IF(C7>=1,(K7-C7)*(1+$P7*$F$4/100)/$F$4+Q7+S7, "") -> 5344.1536 | G7: =IF(C7>=1, (K7-C7)*(1+$P7*$G$4/100)/$G$4+Q7+S7,"") -> 4405.8619 | H7: =IF(C7>=1, (K7-C7)*(1+$P7*$H$4/100)/$H$4+Q7+S7, "") -> 3842.8869 | I7: =IF(C7>=1, (K7-C7)*(1+$P7*$I$4/100)/$I$4+Q7+S7, "") -> 3467.5702 | K7: 87557 | L7: 86454 | M7: =86822+1200 -> 88022 | N7: =87189+1200 -> 88389 | O7: =87557+1100 -> 88657 | P7: 2.17 | R7: 250 | S7: 125 | U7: 200 | V7: 100 | W7: 45918 | X7: MB-2025-042
A8: 93900 | B8: ACCESS 125 RIDE CONNECT EDITION (UZ125NES) | C8: 20000 | D8: =IF(C8>=1,(K8-C8)*(1+P8*$D$4/100)/$D$4+Q8+R8,"") -> 14721.646 | E8: =IF(C8>=1,(K8-C8)*(1+P8*$E$4/100)/$E$4+Q8+S8,"") -> 8194.3959 | F8: =IF(C8>=1,(K8-C8)*(1+$P8*$F$4/100)/$F$4+Q8+S8, "") -> 6060.3126 | G8: =IF(C8>=1, (K8-C8)*(1+$P8*$G$4/100)/$G$4+Q8+S8,"") -> 4993.2709 | H8: =IF(C8>=1, (K8-C8)*(1+$P8*$H$4/100)/$H$4+Q8+S8, "") -> 4353.0459 | I8: =IF(C8>=1, (K8-C8)*(1+$P8*$I$4/100)/$I$4+Q8+S8, "") -> 3926.2292 | K8: =96827 -> 96827 | L8: =95419 -> 95419 | M8: =95888+1200 -> 97088 | N8: =96358+1200 -> 97558 | O8: =96827+1100 -> 97927 | P8: 2.17 | R8: 250 | S8: 125 | U8: 200 | V8: 100 | W8: 45918 | X8: MB-2025-043
A9: 66900 | B9: ADDRESS (UK110NE/NZ/NX) | D9: =IF(C9>=1,(K9-C9)*(1+P9*$D$4/100)/$D$4+Q9+R9,"") | E9: =IF(C9>=1,(K9-C9)*(1+P9*$E$4/100)/$E$4+Q9+S9,"") | F9: =IF(C9>=1,(K9-C9)*(1+$P9*$F$4/100)/$F$4+Q9+S9, "") | G9: =IF(C9>=1, (K9-C9)*(1+$P9*$G$4/100)/$G$4+Q9+S9,"") | H9: =IF(C9>=1, (K9-C9)*(1+$P9*$H$4/100)/$H$4+Q9+S9, "") | I9: =IF(C9>=1, (K9-C9)*(1+$P9*$I$4/100)/$I$4+Q9+S9, "") | K9: 70694 | L9: 68026 | M9: =69875+240 -> 70115 | N9: =70764+240 -> 71004 | O9: =71554+240 -> 71794 | P9: 2.17 | R9: 250 | S9: 125 | U9: 200 | V9: 100
A10: 80400 | B10: AVENIS (UN125NE) | D10: =IF(C10>=1,(K10-C10)*(1+P10*$D$4/100)/$D$4+Q10+R10,"") | E10: =IF(C10>=1,(K10-C10)*(1+P10*$E$4/100)/$E$4+Q10+S10,"") | F10: =IF(C10>=1,(K10-C10)*(1+$P10*$F$4/100)/$F$4+Q10+S10, "") | G10: =IF(C10>=1, (K10-C10)*(1+$P10*$G$4/100)/$G$4+Q10+S10,"") | H10: =IF(C10>=1, (K10-C10)*(1+$P10*$H$4/100)/$H$4+Q10+S10, "") | I10: =IF(C10>=1, (K10-C10)*(1+$P10*$I$4/100)/$I$4+Q10+S10, "") | K10: =84878 -> 84878 | L10: =81499 -> 81499 | M10: =82625+1200 -> 83825 | N10: =83751+1200 -> 84951 | O10: =84878+1100 -> 85978 | P10: 2.17 | R10: 250 | S10: 125 | U10: 200 | V10: 100 | W10: 10/31/2023 | X10: MB-2023-113
A11: 83400 | B11: BURGMAN STREET (UB125 NMB / NMX / NM-9) | D11: =IF(C11>=1,(K11-C11)*(1+P11*$D$4/100)/$D$4+Q11+R11,"") | E11: =IF(C11>=1,(K11-C11)*(1+P11*$E$4/100)/$E$4+Q11+S11,"") | F11: =IF(C11>=1,(K11-C11)*(1+$P11*$F$4/100)/$F$4+Q11+S11, "") | G11: =IF(C11>=1, (K11-C11)*(1+$P11*$G$4/100)/$G$4+Q11+S11,"") | H11: =IF(C11>=1, (K11-C11)*(1+$P11*$H$4/100)/$H$4+Q11+S11, "") | I11: =IF(C11>=1, (K11-C11)*(1+$P11*$I$4/100)/$I$4+Q11+S11, "") | K11: =87306 -> 87306 | L11: =84432 -> 84432 | M11: =85390+1200 -> 86590 | N11: =86348+1200 -> 87548 | O11: =87306+1100 -> 88406 | P11: 2.17 | R11: 250 | S11: 125 | U11: 200 | V11: 100 | W11: 10/31/2023 | X11: MB-2023-114
A12: 92400 | B12: BURGMAN STREET 125 EX (UB125LNM) | D12: =IF(C12>=1,(K12-C12)*(1+P12*$D$4/100)/$D$4+Q12+R12,"") | E12: =IF(C12>=1,(K12-C12)*(1+P12*$E$4/100)/$E$4+Q12+S12,"") | F12: =IF(C12>=1,(K12-C12)*(1+$P12*$F$4/100)/$F$4+Q12+S12, "") | G12: =IF(C12>=1, (K12-C12)*(1+$P12*$G$4/100)/$G$4+Q12+S12,"") | H12: =IF(C12>=1, (K12-C12)*(1+$P12*$H$4/100)/$H$4+Q12+S12, "") | I12: =IF(C12>=1, (K12-C12)*(1+$P12*$I$4/100)/$I$4+Q12+S12, "") | K12: =95262 -> 95262 | L12: =92400 -> 92400 | M12: =93354+1200 -> 94554 | N12: =94308+1200 -> 95508 | O12: =95262+1100 -> 96362 | P12: 2.17 | R12: 250 | S12: 125 | U12: 200 | V12: 100 | W12: 04/14/2023 | X12: MB-2023-078
A13: 48900 | B13: GD110 | D13: =IF(C13>=1,(K13-C13)*(1+P13*$D$4/100)/$D$4+Q13+R13,"") | E13: =IF(C13>=1,(K13-C13)*(1+P13*$E$4/100)/$E$4+Q13+S13,"") | F13: =IF(C13>=1,(K13-C13)*(1+$P13*$F$4/100)/$F$4+Q13+S13, "") | G13: =IF(C13>=1, (K13-C13)*(1+$P13*$G$4/100)/$G$4+Q13+S13,"") | H13: =IF(C13>=1, (K13-C13)*(1+$P13*$H$4/100)/$H$4+Q13+S13, "") | I13: =IF(C13>=1, (K13-C13)*(1+$P13*$I$4/100)/$I$4+Q13+S13, "") | K13: 52555 | L13: 51573 | M13: =52800+60+240 -> 53100 | N13: =53127+60+240 -> 53427 | O13: =53355+60+240 -> 53655 | P13: 3 | R13: 250 | S13: 125 | U13: 500 | V13: 50
A14: 91900 | B14: GIXXER (GSX150RZA_fi) | D14: =IF(C14>=1,(K14-C14)*(1+P14*$D$4/100)/$D$4+Q14+R14,"") | E14: =IF(C14>=1,(K14-C14)*(1+P14*$E$4/100)/$E$4+Q14+S14,"") | F14: =IF(C14>=1,(K14-C14)*(1+$P14*$F$4/100)/$F$4+Q14+S14, "") | G14: =IF(C14>=1, (K14-C14)*(1+$P14*$G$4/100)/$G$4+Q14+S14,"") | H14: =IF(C14>=1, (K14-C14)*(1+$P14*$H$4/100)/$H$4+Q14+S14, "") | I14: =IF(C14>=1, (K14-C14)*(1+$P14*$I$4/100)/$I$4+Q14+S14, "") | K14: 94597 | L14: 92795 | M14: =93395+1200 -> 94595 | N14: =93996+1200 -> 95196 | O14: =94597+1100 -> 95697 | P14: 2.17 | R14: 250 | S14: 125 | U14: 200 | V14: 100
A15: 93900 | B15: GIXXER (GSX150RF ) | D15: =IF(C15>=1,(K15-C15)*(1+P15*$D$4/100)/$D$4+Q15+R15,"") | E15: =IF(C15>=1,(K15-C15)*(1+P15*$E$4/100)/$E$4+Q15+S15,"") | F15: =IF(C15>=1,(K15-C15)*(1+$P15*$F$4/100)/$F$4+Q15+S15, "") | G15: =IF(C15>=1, (K15-C15)*(1+$P15*$G$4/100)/$G$4+Q15+S15,"") | H15: =IF(C15>=1, (K15-C15)*(1+$P15*$H$4/100)/$H$4+Q15+S15, "") | I15: =IF(C15>=1, (K15-C15)*(1+$P15*$I$4/100)/$I$4+Q15+S15, "") | K15: 96597 | L15: 94795 | M15: =95395+1200 -> 96595 | N15: =95996+1200 -> 97196 | O15: =96597+1100 -> 97697 | P15: 2.17 | R15: 250 | S15: 125 | U15: 200 | V15: 100 | W15: 08/29/20 | X15: 2020-31
A16: 104900 | B16: GIXXER 150FI (GSX150RFZ / RF-6 / RF-8 ) 50% | D16: =IF(C16>=1,(K16-C16)*(1+P16*$D$4/100)/$D$4+Q16+R16,"") | E16: =IF(C16>=1,(K16-C16)*(1+P16*$E$4/100)/$E$4+Q16+S16,"") | F16: =IF(C16>=1,(K16-C16)*(1+$P16*$F$4/100)/$F$4+Q16+S16, "") | G16: =IF(C16>=1, (K16-C16)*(1+$P16*$G$4/100)/$G$4+Q16+S16,"") | H16: =IF(C16>=1, (K16-C16)*(1+$P16*$H$4/100)/$H$4+Q16+S16, "") | I16: =IF(C16>=1, (K16-C16)*(1+$P16*$I$4/100)/$I$4+Q16+S16, "") | K16: =108689 -> 108689 | L16: =106887 -> 106887 | M16: =107487+1200 -> 108687 | N16: =108088+1200 -> 109288 | O16: =108689+1100 -> 109789 | P16: 2.17 | R16: 250 | S16: 125 | U16: 200 | V16: 100 | W16: 10/31/2024 | X16: MB-MKTG2024-31
A17: 114900 | B17: GIXXER SF155 SPORTS FULL-FAIRED (GSX150FRFX-8/FRF-8) 50% | D17: =IF(C17>=1,(K17-C17)*(1+P17*$D$4/100)/$D$4+Q17+R17,"") | E17: =IF(C17>=1,(K17-C17)*(1+P17*$E$4/100)/$E$4+Q17+S17,"") | F17: =IF(C17>=1,(K17-C17)*(1+$P17*$F$4/100)/$F$4+Q17+S17, "") | G17: =IF(C17>=1, (K17-C17)*(1+$P17*$G$4/100)/$G$4+Q17+S17,"") | H17: =IF(C17>=1, (K17-C17)*(1+$P17*$H$4/100)/$H$4+Q17+S17, "") | I17: =IF(C17>=1, (K17-C17)*(1+$P17*$I$4/100)/$I$4+Q17+S17, "") | K17: 116878 | L17: =114900 -> 114900 | M17: =115560+1200 -> 116760 | N17: =116219+1200 -> 117419 | O17: =116878+1100 -> 117978 | P17: 2.17 | R17: 250 | S17: 125 | U17: 200 | V17: 100 | W17: 10/31/2024 | X17: MB-2024-030
A18: 192900 | B18: GIXXER SF250 (GSX250FRLX/FRLZ ) NEW 50% | D18: =IF(C18>=1,(K18-C18)*(1+P18*$D$4/100)/$D$4+Q18+R18,"") | E18: =IF(C18>=1,(K18-C18)*(1+P18*$E$4/100)/$E$4+Q18+S18,"") | F18: =IF(C18>=1,(K18-C18)*(1+$P18*$F$4/100)/$F$4+Q18+S18, "") | G18: =IF(C18>=1, (K18-C18)*(1+$P18*$G$4/100)/$G$4+Q18+S18,"") | H18: =IF(C18>=1, (K18-C18)*(1+$P18*$H$4/100)/$H$4+Q18+S18, "") | I18: =IF(C18>=1, (K18-C18)*(1+$P18*$I$4/100)/$I$4+Q18+S18, "") | K18: =200824 -> 200824 | L18: 193492 | M18: =195936+1200 -> 197136 | N18: =198380+1200 -> 199580 | O18: =200824+1100 -> 201924 | P18: 2.17 | R18: 250 | S18: 125 | U18: 500 | V18: 100 | W18: 10/31/2023 | X18: MB-2023-116
A19: 182900 | B19: GIXXER250 (GSX250RL / RL-6) NEW 50% | D19: =IF(C19>=1,(K19-C19)*(1+P19*$D$4/100)/$D$4+Q19+R19,"") | E19: =IF(C19>=1,(K19-C19)*(1+P19*$E$4/100)/$E$4+Q19+S19,"") | F19: =IF(C19>=1,(K19-C19)*(1+$P19*$F$4/100)/$F$4+Q19+S19, "") | G19: =IF(C19>=1, (K19-C19)*(1+$P19*$G$4/100)/$G$4+Q19+S19,"") | H19: =IF(C19>=1, (K19-C19)*(1+$P19*$H$4/100)/$H$4+Q19+S19, "") | I19: =IF(C19>=1, (K19-C19)*(1+$P19*$I$4/100)/$I$4+Q19+S19, "") | K19: =189492 -> 189492 | L19: =183492 -> 183492 | M19: =185425+1200 -> 186625 | N19: =187358+1200 -> 188558 | O19: =189292+1100 -> 190392 | P19: 2.17 | R19: 250 | S19: 125 | U19: 500 | V19: 100 | W19: 10/31/2023 | X19: MB-2023-117
A20: 156000 | B20: GSX - R150 50% DP | D20: =IF(C20>=1,(K20-C20)*(1+P20*$D$4/100)/$D$4+Q20+R20,"") | E20: =IF(C20>=1,(K20-C20)*(1+P20*$E$4/100)/$E$4+Q20+S20,"") | F20: =IF(C20>=1,(K20-C20)*(1+$P20*$F$4/100)/$F$4+Q20+S20, "") | G20: =IF(C20>=1, (K20-C20)*(1+$P20*$G$4/100)/$G$4+Q20+S20,"") | H20: =IF(C20>=1, (K20-C20)*(1+$P20*$H$4/100)/$H$4+Q20+S20, "") | I20: =IF(C20>=1, (K20-C20)*(1+$P20*$I$4/100)/$I$4+Q20+S20, "") | K20: 162285 | L20: 157777 | M20: 160239 | N20: =161742+260 -> 162002 | O20: =163145+260 -> 163405 | P20: 2.5 | R20: 250 | S20: 125 | U20: 300 | V20: 100
A21: 112800 | B21: GSX - S150 50% DP | D21: =IF(C21>=1,(K21-C21)*(1+P21*$D$4/100)/$D$4+Q21+R21,"") | E21: =IF(C21>=1,(K21-C21)*(1+P21*$E$4/100)/$E$4+Q21+S21,"") | F21: =IF(C21>=1,(K21-C21)*(1+$P21*$F$4/100)/$F$4+Q21+S21, "") | G21: =IF(C21>=1, (K21-C21)*(1+$P21*$G$4/100)/$G$4+Q21+S21,"") | H21: =IF(C21>=1, (K21-C21)*(1+$P21*$H$4/100)/$H$4+Q21+S21, "") | I21: =IF(C21>=1, (K21-C21)*(1+$P21*$I$4/100)/$I$4+Q21+S21, "") | K21: 119362 | L21: 116046 | M21: =118111+240 -> 118351 | N21: =119217+240 -> 119457 | O21: =120222+240 -> 120462 | P21: 2.5 | R21: 250 | S21: 125 | U21: 300 | V21: 100
A22: 133900 | B22: GSX - S150MFX 50% DP | D22: =IF(C22>=1,(K22-C22)*(1+P22*$D$4/100)/$D$4+Q22+R22,"") | E22: =IF(C22>=1,(K22-C22)*(1+P22*$E$4/100)/$E$4+Q22+S22,"") | F22: =IF(C22>=1,(K22-C22)*(1+$P22*$F$4/100)/$F$4+Q22+S22, "") | G22: =IF(C22>=1, (K22-C22)*(1+$P22*$G$4/100)/$G$4+Q22+S22,"") | H22: =IF(C22>=1, (K22-C22)*(1+$P22*$H$4/100)/$H$4+Q22+S22, "") | I22: =IF(C22>=1, (K22-C22)*(1+$P22*$I$4/100)/$I$4+Q22+S22, "") | K22: =139045 -> 139045 | L22: =134492 -> 134492 | M22: =136009+1200 -> 137209 | N22: =137527+1200 -> 138727 | O22: =139045+1100 -> 140145 | P22: 2.5 | R22: 250 | S22: 125 | U22: 300 | V22: 100 | W22: 03/01/2023 | X22: MB-2023-066
A23: 93900 | B23: RAIDER150 (FU150SCD2) | D23: =IF(C23>=1,(K23-C23)*(1+P23*$D$4/100)/$D$4+Q23+R23,"") | E23: =IF(C23>=1,(K23-C23)*(1+P23*$E$4/100)/$E$4+Q23+S23,"") | F23: =IF(C23>=1,(K23-C23)*(1+$P23*$F$4/100)/$F$4+Q23+S23, "") | G23: =IF(C23>=1, (K23-C23)*(1+$P23*$G$4/100)/$G$4+Q23+S23,"") | H23: =IF(C23>=1, (K23-C23)*(1+$P23*$H$4/100)/$H$4+Q23+S23, "") | I23: =IF(C23>=1, (K23-C23)*(1+$P23*$I$4/100)/$I$4+Q23+S23, "") | K23: 101703 | L23: 94600 | M23: =96968+1200 -> 98168 | N23: =99336+1200 -> 100536 | O23: =101703+1100 -> 102803 | P23: 3 | R23: 250 | S23: 125 | U23: 500 | V23: 100
A24: 95900 | B24: RAIDER150 (FU150SCD2)RELO&MGP ED. | D24: =IF(C24>=1,(K24-C24)*(1+P24*$D$4/100)/$D$4+Q24+R24,"") | E24: =IF(C24>=1,(K24-C24)*(1+P24*$E$4/100)/$E$4+Q24+S24,"") | F24: =IF(C24>=1,(K24-C24)*(1+$P24*$F$4/100)/$F$4+Q24+S24, "") | G24: =IF(C24>=1, (K24-C24)*(1+$P24*$G$4/100)/$G$4+Q24+S24,"") | H24: =IF(C24>=1, (K24-C24)*(1+$P24*$H$4/100)/$H$4+Q24+S24, "") | I24: =IF(C24>=1, (K24-C24)*(1+$P24*$I$4/100)/$I$4+Q24+S24, "") | K24: 103703 | L24: 93800 | M24: =99928+240 -> 100168 | N24: =102296+240 -> 102536 | O24: =104563+240 -> 104803 | P24: 2.17 | R24: 250 | S24: 125 | U24: 500 | V24: 100
A25: 96900 | B25: RAIDER150 (FU150DX2-MBLACK)NEW | D25: =IF(C25>=1,(K25-C25)*(1+P25*$D$4/100)/$D$4+Q25+R25,"") | E25: =IF(C25>=1,(K25-C25)*(1+P25*$E$4/100)/$E$4+Q25+S25,"") | F25: =IF(C25>=1,(K25-C25)*(1+$P25*$F$4/100)/$F$4+Q25+S25, "") | G25: =IF(C25>=1, (K25-C25)*(1+$P25*$G$4/100)/$G$4+Q25+S25,"") | H25: =IF(C25>=1, (K25-C25)*(1+$P25*$H$4/100)/$H$4+Q25+S25, "") | I25: =IF(C25>=1, (K25-C25)*(1+$P25*$I$4/100)/$I$4+Q25+S25, "") | K25: 104703 | L25: 97600 | M25: =99967+1200 -> 101167 | N25: =102335+1200 -> 103535 | O25: =104703+1100 -> 105803 | P25: 2.17 | R25: 250 | S25: 125 | U25: 500 | V25: 100
A26: 118400 | B26: RAIDER R150_fi (FU150 MFQ/MFJ/MFX/MFZ)50% | D26: =IF(C26>=1,(K26-C26)*(1+P26*$D$4/100)/$D$4+Q26+R26,"") | E26: =IF(C26>=1,(K26-C26)*(1+P26*$E$4/100)/$E$4+Q26+S26,"") | F26: =IF(C26>=1,(K26-C26)*(1+$P26*$F$4/100)/$F$4+Q26+S26, "") | G26: =IF(C26>=1, (K26-C26)*(1+$P26*$G$4/100)/$G$4+Q26+S26,"") | H26: =IF(C26>=1, (K26-C26)*(1+$P26*$H$4/100)/$H$4+Q26+S26, "") | I26: =IF(C26>=1, (K26-C26)*(1+$P26*$I$4/100)/$I$4+Q26+S26, "") | K26: =123210 -> 123210 | L26: =118992 -> 118992 | M26: =120398+1200 -> 121598 | N26: =121804+1200 -> 123004 | O26: =123210+1100 -> 124310 | P26: 2.17 | R26: 250 | S26: 125 | U26: 500 | V26: 100 | W26: 05/31/2023 | X26: MB-2023-091
A27: 121900 | B27: RAIDER R150_fi Rugged & Sport Edition(FU150 MFX-8/MFZ-8/MFS-8) 50% | D27: =IF(C27>=1,(K27-C27)*(1+P27*$D$4/100)/$D$4+Q27+R27,"") | E27: =IF(C27>=1,(K27-C27)*(1+P27*$E$4/100)/$E$4+Q27+S27,"") | F27: =IF(C27>=1,(K27-C27)*(1+$P27*$F$4/100)/$F$4+Q27+S27, "") | G27: =IF(C27>=1, (K27-C27)*(1+$P27*$G$4/100)/$G$4+Q27+S27,"") | H27: =IF(C27>=1, (K27-C27)*(1+$P27*$H$4/100)/$H$4+Q27+S27, "") | I27: =IF(C27>=1, (K27-C27)*(1+$P27*$I$4/100)/$I$4+Q27+S27, "") | K27: =126710 -> 126710 | L27: =122492 -> 122492 | M27: =123898+1200 -> 125098 | N27: =125304+1200 -> 126504 | O27: =126710+1100 -> 127810 | P27: 2.17 | R27: 250 | S27: 125 | U27: 500 | V27: 100 | W27: 07/01/2024 | X27: MB-2024-023
A28: 108900 | B28: RAIDER150 (FU150CD3-7)NEW | D28: =IF(C28>=1,(K28-C28)*(1+P28*$D$4/100)/$D$4+Q28+R28,"") | E28: =IF(C28>=1,(K28-C28)*(1+P28*$E$4/100)/$E$4+Q28+S28,"") | F28: =IF(C28>=1,(K28-C28)*(1+$P28*$F$4/100)/$F$4+Q28+S28, "") | G28: =IF(C28>=1, (K28-C28)*(1+$P28*$G$4/100)/$G$4+Q28+S28,"") | H28: =IF(C28>=1, (K28-C28)*(1+$P28*$H$4/100)/$H$4+Q28+S28, "") | I28: =IF(C28>=1, (K28-C28)*(1+$P28*$I$4/100)/$I$4+Q28+S28, "") | K28: =116765 -> 116765 | L28: =110072 -> 110072 | M28: =112303+1200 -> 113503 | N28: =114534+1200 -> 115734 | O28: =116765+1100 -> 117865 | P28: 2.17 | R28: 250 | S28: 125 | U28: 500 | V28: 100 | W28: 07/01/2024 | X28: MB-2024-022
A29: 106900 | B29: RAIDER150 (FU150DY3-MGP BLUE)NEW | D29: =IF(C29>=1,(K29-C29)*(1+P29*$D$4/100)/$D$4+Q29+R29,"") | E29: =IF(C29>=1,(K29-C29)*(1+P29*$E$4/100)/$E$4+Q29+S29,"") | F29: =IF(C29>=1,(K29-C29)*(1+$P29*$F$4/100)/$F$4+Q29+S29, "") | G29: =IF(C29>=1, (K29-C29)*(1+$P29*$G$4/100)/$G$4+Q29+S29,"") | H29: =IF(C29>=1, (K29-C29)*(1+$P29*$H$4/100)/$H$4+Q29+S29, "") | I29: =IF(C29>=1, (K29-C29)*(1+$P29*$I$4/100)/$I$4+Q29+S29, "") | K29: =114765 -> 114765 | L29: =108072 -> 108072 | M29: =110303+1200 -> 111503 | N29: =112534+1200 -> 113734 | O29: =114765+1100 -> 115865 | P29: 2.17 | R29: 250 | S29: 125 | U29: 500 | V29: 100 | W29: 10/31/2023 | X29: MB-2023-109
A30: 146400 | B30: RAIDER R150 PRO (FU150RL-9)NEW | C30: 50000 | D30: =IF(C30>=1,(K30-C30)*(1+P30*$D$4/100)/$D$4+Q30+R30,"") -> 19187.631 | E30: =IF(C30>=1,(K30-C30)*(1+P30*$E$4/100)/$E$4+Q30+S30,"") -> 10684.631 | F30: =IF(C30>=1,(K30-C30)*(1+$P30*$F$4/100)/$F$4+Q30+S30, "") -> 7891.9645 | G30: =IF(C30>=1, (K30-C30)*(1+$P30*$G$4/100)/$G$4+Q30+S30,"") -> 6495.6312 | H30: =IF(C30>=1, (K30-C30)*(1+$P30*$H$4/100)/$H$4+Q30+S30, "") -> 5657.8312 | I30: =IF(C30>=1, (K30-C30)*(1+$P30*$I$4/100)/$I$4+Q30+S30, "") -> 5099.2979 | K30: =150536 -> 150536 | L30: 146400 | M30: =147779+1200 -> 148979 | N30: =149157+1200 -> 150357 | O30: =150536+1100 -> 151636 | P30: 2.17 | R30: 250 | S30: 125 | U30: 500 | V30: 100 | W30: 10/13/2025 | X30: MB-2025-048
A31: 130000 | B31: RAIDER R150 BLADE EDITION (FU150RF-9)NEW | C31: 50000 | D31: =IF(C31>=1,(K31-C31)*(1+P31*$D$4/100)/$D$4+Q31+R31,"") -> 16175.083 | E31: =IF(C31>=1,(K31-C31)*(1+P31*$E$4/100)/$E$4+Q31+S31,"") -> 9004.8331 | F31: =IF(C31>=1,(K31-C31)*(1+$P31*$F$4/100)/$F$4+Q31+S31, "") -> 6656.4164 | G31: =IF(C31>=1, (K31-C31)*(1+$P31*$G$4/100)/$G$4+Q31+S31,"") -> 5482.2081 | H31: =IF(C31>=1, (K31-C31)*(1+$P31*$H$4/100)/$H$4+Q31+S31, "") -> 4777.6831 | I31: =IF(C31>=1, (K31-C31)*(1+$P31*$I$4/100)/$I$4+Q31+S31, "") -> 4307.9998 | K31: =134543 -> 134543 | L31: 130000 | M31: =131514+1200 -> 132714 | N31: =133029+1200 -> 134229 | O31: =134543+1100 -> 135643 | P31: 2.17 | R31: 250 | S31: 125 | U31: 500 | V31: 100 | W31: 10/13/2025 | X31: MB-2025-047
A32: 97900 | B32: RAIDER150 (FU150DX3-MBLK/MGRY)COMBAT | D32: =IF(C32>=1,(K32-C32)*(1+P32*$D$4/100)/$D$4+Q32+R32,"") | E32: =IF(C32>=1,(K32-C32)*(1+P32*$E$4/100)/$E$4+Q32+S32,"") | F32: =IF(C32>=1,(K32-C32)*(1+$P32*$F$4/100)/$F$4+Q32+S32, "") | G32: =IF(C32>=1, (K32-C32)*(1+$P32*$G$4/100)/$G$4+Q32+S32,"") | H32: =IF(C32>=1, (K32-C32)*(1+$P32*$H$4/100)/$H$4+Q32+S32, "") | I32: =IF(C32>=1, (K32-C32)*(1+$P32*$I$4/100)/$I$4+Q32+S32, "") | K32: 105173 | L32: 98480 | M32: =100711+1200 -> 101911 | N32: =102942+1200 -> 104142 | O32: =105173+1100 -> 106273 | P32: 2.17 | R32: 250 | S32: 125 | U32: 500 | V32: 100 | W32: 43890 | X32: MKTG20-01
A33: 60900 | B33: RAIDERJ110 (Mags) | D33: =IF(C33>=1,(K33-C33)*(1+P33*$D$4/100)/$D$4+Q33+R33,"") | E33: =IF(C33>=1,(K33-C33)*(1+P33*$E$4/100)/$E$4+Q33+S33,"") | F33: =IF(C33>=1,(K33-C33)*(1+$P33*$F$4/100)/$F$4+Q33+S33, "") | G33: =IF(C33>=1, (K33-C33)*(1+$P33*$G$4/100)/$G$4+Q33+S33,"") | H33: =IF(C33>=1, (K33-C33)*(1+$P33*$H$4/100)/$H$4+Q33+S33, "") | I33: =IF(C33>=1, (K33-C33)*(1+$P33*$I$4/100)/$I$4+Q33+S33, "") | K33: 65795 | L33: 62600 | M33: =64565+60+240 -> 64865 | N33: =65630+60+240 -> 65930 | O33: =66595+60+240 -> 66895 | P33: 3 | R33: 250 | S33: 125 | U33: 800 | V33: 100
A34: 64900 | B34: RAIDERJ115LB FI (Spoke) | D34: =IF(C34>=1,(K34-C34)*(1+P34*$D$4/100)/$D$4+Q34+R34,"") | E34: =IF(C34>=1,(K34-C34)*(1+P34*$E$4/100)/$E$4+Q34+S34,"") | F34: =IF(C34>=1,(K34-C34)*(1+$P34*$F$4/100)/$F$4+Q34+S34, "") | G34: =IF(C34>=1, (K34-C34)*(1+$P34*$G$4/100)/$G$4+Q34+S34,"") | H34: =IF(C34>=1, (K34-C34)*(1+$P34*$H$4/100)/$H$4+Q34+S34, "") | I34: =IF(C34>=1, (K34-C34)*(1+$P34*$I$4/100)/$I$4+Q34+S34, "") | K34: 68163 | L34: 66587 | M34: =68072+240 -> 68312 | N34: =68597+240 -> 68837 | O34: =69023+240 -> 69263 | P34: 3 | R34: 250 | S34: 125 | U34: 700 | V34: 100
A35: 69900 | B35: RAIDERJ115LE FI (MAGS) | D35: =IF(C35>=1,(K35-C35)*(1+P35*$D$4/100)/$D$4+Q35+R35,"") | E35: =IF(C35>=1,(K35-C35)*(1+P35*$E$4/100)/$E$4+Q35+S35,"") | F35: =IF(C35>=1,(K35-C35)*(1+$P35*$F$4/100)/$F$4+Q35+S35, "") | G35: =IF(C35>=1, (K35-C35)*(1+$P35*$G$4/100)/$G$4+Q35+S35,"") | H35: =IF(C35>=1, (K35-C35)*(1+$P35*$H$4/100)/$H$4+Q35+S35, "") | I35: =IF(C35>=1, (K35-C35)*(1+$P35*$I$4/100)/$I$4+Q35+S35, "") | K35: 72655 | L35: 71302 | M35: =71753+1200 -> 72953 | N35: =72204+1200 -> 73404 | O35: =72655+1100 -> 73755 | P35: 3 | R35: 250 | S35: 125 | U35: 700 | V35: 100
A36: 64900 | B36: RAIDERJ115LX ABLUE (Spokes)NEW | D36: =IF(C36>=1,(K36-C36)*(1+P36*$D$4/100)/$D$4+Q36+R36,"") | E36: =IF(C36>=1,(K36-C36)*(1+P36*$E$4/100)/$E$4+Q36+S36,"") | F36: =IF(C36>=1,(K36-C36)*(1+$P36*$F$4/100)/$F$4+Q36+S36, "") | G36: =IF(C36>=1, (K36-C36)*(1+$P36*$G$4/100)/$G$4+Q36+S36,"") | H36: =IF(C36>=1, (K36-C36)*(1+$P36*$H$4/100)/$H$4+Q36+S36, "") | I36: =IF(C36>=1, (K36-C36)*(1+$P36*$I$4/100)/$I$4+Q36+S36, "") | K36: 68163 | L36: 66587 | M36: =68072+240 -> 68312 | N36: =68597+240 -> 68837 | O36: =69023+240 -> 69263 | P36: 3 | R36: 250 | S36: 125 | U36: 700 | V36: 100
A37: 70900 | B37: RAIDERJ115LE MBLACK (Mags) NEW | D37: =IF(C37>=1,(K37-C37)*(1+P37*$D$4/100)/$D$4+Q37+R37,"") | E37: =IF(C37>=1,(K37-C37)*(1+P37*$E$4/100)/$E$4+Q37+S37,"") | F37: =IF(C37>=1,(K37-C37)*(1+$P37*$F$4/100)/$F$4+Q37+S37, "") | G37: =IF(C37>=1, (K37-C37)*(1+$P37*$G$4/100)/$G$4+Q37+S37,"") | H37: =IF(C37>=1, (K37-C37)*(1+$P37*$H$4/100)/$H$4+Q37+S37, "") | I37: =IF(C37>=1, (K37-C37)*(1+$P37*$I$4/100)/$I$4+Q37+S37, "") | K37: 73655 | L37: 72302 | M37: =72753+1200 -> 73953 | N37: =73204+1200 -> 74404 | O37: =73655+1100 -> 74755 | P37: 2.5 | R37: 250 | S37: 125 | U37: 600 | V37: 100
A38: 65900 | B38: RAIDERJ115LX MBLACK (Spokes)NEW | D38: =IF(C38>=1,(K38-C38)*(1+P38*$D$4/100)/$D$4+Q38+R38,"") | E38: =IF(C38>=1,(K38-C38)*(1+P38*$E$4/100)/$E$4+Q38+S38,"") | F38: =IF(C38>=1,(K38-C38)*(1+$P38*$F$4/100)/$F$4+Q38+S38, "") | G38: =IF(C38>=1, (K38-C38)*(1+$P38*$G$4/100)/$G$4+Q38+S38,"") | H38: =IF(C38>=1, (K38-C38)*(1+$P38*$H$4/100)/$H$4+Q38+S38, "") | I38: =IF(C38>=1, (K38-C38)*(1+$P38*$I$4/100)/$I$4+Q38+S38, "") | K38: 69481 | L38: 68157 | M38: =68598+1200 -> 69798 | N38: =69039+1200 -> 70239 | O38: =69481+1100 -> 70581 | P38: 2.5 | R38: 250 | S38: 125 | U38: 600 | V38: 100
A39: 67900 | B39: RAIDERJ115LX MOTO GP (Mags) NEW | D39: =IF(C39>=1,(K39-C39)*(1+P39*$D$4/100)/$D$4+Q39+R39,"") | E39: =IF(C39>=1,(K39-C39)*(1+P39*$E$4/100)/$E$4+Q39+S39,"") | F39: =IF(C39>=1,(K39-C39)*(1+$P39*$F$4/100)/$F$4+Q39+S39, "") | G39: =IF(C39>=1, (K39-C39)*(1+$P39*$G$4/100)/$G$4+Q39+S39,"") | H39: =IF(C39>=1, (K39-C39)*(1+$P39*$H$4/100)/$H$4+Q39+S39, "") | I39: =IF(C39>=1, (K39-C39)*(1+$P39*$I$4/100)/$I$4+Q39+S39, "") | K39: 71423 | L39: 70063 | M39: =70516+1200 -> 71716 | N39: =70969+1200 -> 72169 | O39: =71423+1100 -> 72523 | P39: 3 | R39: 250 | S39: 125 | U39: 700 | V39: 100
A40: 70900 | B40: RAIDER J CROSSOVER(FJ110LB2) | D40: =IF(C40>=1,(K40-C40)*(1+P40*$D$4/100)/$D$4+Q40+R40,"") | E40: =IF(C40>=1,(K40-C40)*(1+P40*$E$4/100)/$E$4+Q40+S40,"") | F40: =IF(C40>=1,(K40-C40)*(1+$P40*$F$4/100)/$F$4+Q40+S40, "") | G40: =IF(C40>=1, (K40-C40)*(1+$P40*$G$4/100)/$G$4+Q40+S40,"") | H40: =IF(C40>=1, (K40-C40)*(1+$P40*$H$4/100)/$H$4+Q40+S40, "") | I40: =IF(C40>=1, (K40-C40)*(1+$P40*$I$4/100)/$I$4+Q40+S40, "") | K40: =74655 -> 74655 | L40: =73179 -> 73179 | M40: =73671+1200 -> 74871 | N40: =74163+1200 -> 75363 | O40: =74655+1100 -> 75755 | P40: 2.5 | R40: 250 | S40: 125 | U40: 600 | V40: 100 | W40: 07/01/2024 | X40: MB-2024-021
A41: 63900 | B41: SHOOTER FI (Mags/FV110LE) | D41: =IF(C41>=1,(K41-C41)*(1+P41*$D$4/100)/$D$4+Q41+R41,"") | E41: =IF(C41>=1,(K41-C41)*(1+P41*$E$4/100)/$E$4+Q41+S41,"") | F41: =IF(C41>=1,(K41-C41)*(1+$P41*$F$4/100)/$F$4+Q41+S41, "") | G41: =IF(C41>=1, (K41-C41)*(1+$P41*$G$4/100)/$G$4+Q41+S41,"") | H41: =IF(C41>=1, (K41-C41)*(1+$P41*$H$4/100)/$H$4+Q41+S41, "") | I41: =IF(C41>=1, (K41-C41)*(1+$P41*$I$4/100)/$I$4+Q41+S41, "") | K41: 68095 | L41: 65938 | M41: =67617+240 -> 67857 | N41: =68336+240 -> 68576 | O41: =68955+240 -> 69195 | P41: 2.17 | R41: 250 | S41: 125 | U41: 200 | V41: 50
A42: 58900 | B42: SHOOTER FI (Spoke/FV110LA) | D42: =IF(C42>=1,(K42-C42)*(1+P42*$D$4/100)/$D$4+Q42+R42,"") | E42: =IF(C42>=1,(K42-C42)*(1+P42*$E$4/100)/$E$4+Q42+S42,"") | F42: =IF(C42>=1,(K42-C42)*(1+$P42*$F$4/100)/$F$4+Q42+S42, "") | G42: =IF(C42>=1, (K42-C42)*(1+$P42*$G$4/100)/$G$4+Q42+S42,"") | H42: =IF(C42>=1, (K42-C42)*(1+$P42*$H$4/100)/$H$4+Q42+S42, "") | I42: =IF(C42>=1, (K42-C42)*(1+$P42*$I$4/100)/$I$4+Q42+S42, "") | K42: 62795 | L42: 61252 | M42: =62726+240 -> 62966 | N42: =63240+240 -> 63480 | O42: =63655+240 -> 63895 | P42: 2.17 | R42: 250 | S42: 125 | U42: 200 | V42: 50
A43: 70900 | B43: SKYDRIVE (UK125) | D43: =IF(C43>=1,(K43-C43)*(1+P43*$D$4/100)/$D$4+Q43+R43,"") | E43: =IF(C43>=1,(K43-C43)*(1+P43*$E$4/100)/$E$4+Q43+S43,"") | F43: =IF(C43>=1,(K43-C43)*(1+$P43*$F$4/100)/$F$4+Q43+S43, "") | G43: =IF(C43>=1, (K43-C43)*(1+$P43*$G$4/100)/$G$4+Q43+S43,"") | H43: =IF(C43>=1, (K43-C43)*(1+$P43*$H$4/100)/$H$4+Q43+S43, "") | I43: =IF(C43>=1, (K43-C43)*(1+$P43*$I$4/100)/$I$4+Q43+S43, "") | K43: 76195 | L43: 73350 | M43: =75199+60+240 -> 75499 | N43: =76147+60+240 -> 76447 | O43: =76995+60+240 -> 77295 | P43: 2.17 | R43: 250 | S43: 125 | U43: 500 | V43: 50
A44: 78900 | B44: SKYDRIVE125_fi (UK125FSC) | D44: =IF(C44>=1,(K44-C44)*(1+P44*$D$4/100)/$D$4+Q44+R44,"") | E44: =IF(C44>=1,(K44-C44)*(1+P44*$E$4/100)/$E$4+Q44+S44,"") | F44: =IF(C44>=1,(K44-C44)*(1+$P44*$F$4/100)/$F$4+Q44+S44, "") | G44: =IF(C44>=1, (K44-C44)*(1+$P44*$G$4/100)/$G$4+Q44+S44,"") | H44: =IF(C44>=1, (K44-C44)*(1+$P44*$H$4/100)/$H$4+Q44+S44, "") | I44: =IF(C44>=1, (K44-C44)*(1+$P44*$I$4/100)/$I$4+Q44+S44, "") | K44: 82820 | L44: 78900 | M44: =81166+240 -> 81406 | N44: =82473+240 -> 82713 | O44: =83680+240 -> 83920 | P44: 2.17 | R44: 250 | S44: 125 | U44: 200 | V44: 50
A45: 71900 | B45: SKYDRIVESPORT(UX110NE/NZ) | D45: =IF(C45>=1,(K45-C45)*(1+P45*$D$4/100)/$D$4+Q45+R45,"") | E45: =IF(C45>=1,(K45-C45)*(1+P45*$E$4/100)/$E$4+Q45+S45,"") | F45: =IF(C45>=1,(K45-C45)*(1+$P45*$F$4/100)/$F$4+Q45+S45, "") | G45: =IF(C45>=1, (K45-C45)*(1+$P45*$G$4/100)/$G$4+Q45+S45,"") | H45: =IF(C45>=1, (K45-C45)*(1+$P45*$H$4/100)/$H$4+Q45+S45, "") | I45: =IF(C45>=1, (K45-C45)*(1+$P45*$I$4/100)/$I$4+Q45+S45, "") | K45: =76057 -> 76057 | L45: =74696 -> 74696 | M45: =75149+1200 -> 76349 | N45: =75603+1200 -> 76803 | O45: =76057+1100 -> 77157 | P45: 2.17 | R45: 250 | S45: 125 | U45: 350 | V45: 100 | W45: 10/31/2023 | X45: MB-2023-111
A46: 72900 | B46: SKYDRIVESPORT FI (UX110NE-5B) | D46: =IF(C46>=1,(K46-C46)*(1+P46*$D$4/100)/$D$4+Q46+R46,"") | E46: =IF(C46>=1,(K46-C46)*(1+P46*$E$4/100)/$E$4+Q46+S46,"") | F46: =IF(C46>=1,(K46-C46)*(1+$P46*$F$4/100)/$F$4+Q46+S46, "") | G46: =IF(C46>=1, (K46-C46)*(1+$P46*$G$4/100)/$G$4+Q46+S46,"") | H46: =IF(C46>=1, (K46-C46)*(1+$P46*$H$4/100)/$H$4+Q46+S46, "") | I46: =IF(C46>=1, (K46-C46)*(1+$P46*$I$4/100)/$I$4+Q46+S46, "") | K46: =77057 -> 77057 | L46: =75696 -> 75696 | M46: =76149+1200 -> 77349 | N46: =76603+1200 -> 77803 | O46: =77057+1100 -> 78157 | P46: 2.17 | R46: 250 | S46: 125 | U46: 350 | V46: 100 | W46: 07/01/2024 | X46: MB-2024-024
A47: 73900 | B47: SKYDRIVE CROSSOVER (UX110NER) | D47: =IF(C47>=1,(K47-C47)*(1+P47*$D$4/100)/$D$4+Q47+R47,"") | E47: =IF(C47>=1,(K47-C47)*(1+P47*$E$4/100)/$E$4+Q47+S47,"") | F47: =IF(C47>=1,(K47-C47)*(1+$P47*$F$4/100)/$F$4+Q47+S47, "") | G47: =IF(C47>=1, (K47-C47)*(1+$P47*$G$4/100)/$G$4+Q47+S47,"") | H47: =IF(C47>=1, (K47-C47)*(1+$P47*$H$4/100)/$H$4+Q47+S47, "") | I47: =IF(C47>=1, (K47-C47)*(1+$P47*$I$4/100)/$I$4+Q47+S47, "") | K47: =76597 -> 76597 | L47: =75213 -> 75213 | M47: =75674+1200 -> 76874 | N47: =76135+1200 -> 77335 | O47: =76597+1100 -> 77697 | P47: 2.17 | R47: 250 | S47: 125 | U47: 350 | V47: 100 | W47: 07/31/2023 | X47: MB-2023-112
A48: 63400 | B48: SMASH115 SPOKES (FW110D-G/D-D1 ) F'DRUM/R'DRUM | D48: =IF(C48>=1,(K48-C48)*(1+P48*$D$4/100)/$D$4+Q48+R48,"") | E48: =IF(C48>=1,(K48-C48)*(1+P48*$E$4/100)/$E$4+Q48+S48,"") | F48: =IF(C48>=1,(K48-C48)*(1+$P48*$F$4/100)/$F$4+Q48+S48, "") | G48: =IF(C48>=1, (K48-C48)*(1+$P48*$G$4/100)/$G$4+Q48+S48,"") | H48: =IF(C48>=1, (K48-C48)*(1+$P48*$H$4/100)/$H$4+Q48+S48, "") | I48: =IF(C48>=1, (K48-C48)*(1+$P48*$I$4/100)/$I$4+Q48+S48, "") | K48: =68087 -> 68087 | L48: =66544 -> 66544 | M48: =67058+1200 -> 68258 | N48: =67573+1200 -> 68773 | O48: =68087+1100 -> 69187 | P48: 2.5 | Q48: 200 | R48: 250 | S48: 125 | U48: 700 | V48: 100 | W48: 07/01/2024 | X48: MB-2024-017
A49: 61900 | B49: SMASH115 (FW110SD) F'DISC/R'DRUM | D49: =IF(C49>=1,(K49-C49)*(1+P49*$D$4/100)/$D$4+Q49+R49,"") | E49: =IF(C49>=1,(K49-C49)*(1+P49*$E$4/100)/$E$4+Q49+S49,"") | F49: =IF(C49>=1,(K49-C49)*(1+$P49*$F$4/100)/$F$4+Q49+S49, "") | G49: =IF(C49>=1, (K49-C49)*(1+$P49*$G$4/100)/$G$4+Q49+S49,"") | H49: =IF(C49>=1, (K49-C49)*(1+$P49*$H$4/100)/$H$4+Q49+S49, "") | I49: =IF(C49>=1, (K49-C49)*(1+$P49*$I$4/100)/$I$4+Q49+S49, "") | K49: 65651 | L49: 63803 | M49: 65619 | N49: 66235 | O49: 66751 | P49: 2.5 | Q49: 200 | R49: 250 | S49: 125 | U49: 500 | V49: 100 | W49: 03/04/20 | X49: 2020-002
A50: 68400 | B50: SMASH115 MAGS (FW110SC-D) F'DISC/R'DRUM | D50: =IF(C50>=1,(K50-C50)*(1+P50*$D$4/100)/$D$4+Q50+R50,"") | E50: =IF(C50>=1,(K50-C50)*(1+P50*$E$4/100)/$E$4+Q50+S50,"") | F50: =IF(C50>=1,(K50-C50)*(1+$P50*$F$4/100)/$F$4+Q50+S50, "") | G50: =IF(C50>=1, (K50-C50)*(1+$P50*$G$4/100)/$G$4+Q50+S50,"") | H50: =IF(C50>=1, (K50-C50)*(1+$P50*$H$4/100)/$H$4+Q50+S50, "") | I50: =IF(C50>=1, (K50-C50)*(1+$P50*$I$4/100)/$I$4+Q50+S50, "") | K50: =72743 -> 72743 | L50: =70895 -> 70895 | M50: =71511+1200 -> 72711 | N50: =72127+1200 -> 73327 | O50: =72743+1100 -> 73843 | P50: 2.5 | Q50: 200 | R50: 250 | S50: 125 | U50: 500 | V50: 100 | W50: 07/01/2024 | X50: MB-2024-018
A51: 67400 | B51: SMASH FI (FV110LA-B1) SPOKES/DRUM | D51: =IF(C51>=1,(K51-C51)*(1+P51*$D$4/100)/$D$4+Q51+R51,"") | E51: =IF(C51>=1,(K51-C51)*(1+P51*$E$4/100)/$E$4+Q51+S51,"") | F51: =IF(C51>=1,(K51-C51)*(1+$P51*$F$4/100)/$F$4+Q51+S51, "") | G51: =IF(C51>=1, (K51-C51)*(1+$P51*$G$4/100)/$G$4+Q51+S51,"") | H51: =IF(C51>=1, (K51-C51)*(1+$P51*$H$4/100)/$H$4+Q51+S51, "") | I51: =IF(C51>=1, (K51-C51)*(1+$P51*$I$4/100)/$I$4+Q51+S51, "") | K51: =72087 -> 72087 | L51: =70544 -> 70544 | M51: =71058+1200 -> 72258 | N51: =71572+1200 -> 72772 | O51: =72087+1100 -> 73187 | P51: 2.5 | Q51: 200 | R51: 250 | S51: 125 | U51: 500 | V51: 100 | W51: 07/01/2024 | X51: MB-2024-019
A52: 72400 | B52: SMASH FI (FV110LE-B1) MAGS/DISC | D52: =IF(C52>=1,(K52-C52)*(1+P52*$D$4/100)/$D$4+Q52+R52,"") | E52: =IF(C52>=1,(K52-C52)*(1+P52*$E$4/100)/$E$4+Q52+S52,"") | F52: =IF(C52>=1,(K52-C52)*(1+$P52*$F$4/100)/$F$4+Q52+S52, "") | G52: =IF(C52>=1, (K52-C52)*(1+$P52*$G$4/100)/$G$4+Q52+S52,"") | H52: =IF(C52>=1, (K52-C52)*(1+$P52*$H$4/100)/$H$4+Q52+S52, "") | I52: =IF(C52>=1, (K52-C52)*(1+$P52*$I$4/100)/$I$4+Q52+S52, "") | K52: =76743 -> 76743 | L52: =74895 -> 74895 | M52: =75511+1200 -> 76711 | N52: =76127+1200 -> 77327 | O52: =76743+1100 -> 77843 | P52: 2.5 | Q52: 200 | R52: 250 | S52: 125 | U52: 500 | V52: 100 | W52: 07/01/2024 | X52: MB-2024-020
A53: 65900 | B53: STEP125 (Spoke) | D53: =IF(C53>=1,(K53-C53)*(1+P53*$D$4/100)/$D$4+Q53+R53,"") | E53: =IF(C53>=1,(K53-C53)*(1+P53*$E$4/100)/$E$4+Q53+S53,"") | F53: =IF(C53>=1,(K53-C53)*(1+$P53*$F$4/100)/$F$4+Q53+S53, "") | G53: =IF(C53>=1, (K53-C53)*(1+$P53*$G$4/100)/$G$4+Q53+S53,"") | H53: =IF(C53>=1, (K53-C53)*(1+$P53*$H$4/100)/$H$4+Q53+S53, "") | I53: =IF(C53>=1, (K53-C53)*(1+$P53*$I$4/100)/$I$4+Q53+S53, "") | K53: 71195 | L53: 68350 | M53: =70199+60+240 -> 70499 | N53: =71148+60+240 -> 71448 | O53: =71995+60+240 -> 72295 | P53: 2.17 | R53: 250 | S53: 125 | U53: 350 | V53: 100
A54: 229000 | B54: V-STROM250SX(DS250RL-1) (24 mos) 50% | D54: =IF(C54>=1,(K54-C54)*(1+P54*$D$4/100)/$D$4+Q54+R54,"") | E54: =IF(C54>=1,(K54-C54)*(1+P54*$E$4/100)/$E$4+Q54+S54,"") | F54: =IF(C54>=1,(K54-C54)*(1+$P54*$F$4/100)/$F$4+Q54+S54, "") | G54: =IF(C54>=1, (K54-C54)*(1+$P54*$G$4/100)/$G$4+Q54+S54,"") | K54: =233189 -> 233189 | L54: =229592 -> 229592 | M54: =230791+1200 -> 231991 | N54: =231990+1200 -> 233190 | O54: =233189+1100 -> 234289 | P54: 2.17 | R54: 250 | S54: 125 | U54: 500 | V54: 100 | W54: 03/02/2023 | X54: MB-2023-074
A56: D.Price | B56: BRAND/MODEL | C56: DP | D56: 6 | E56: 12 | F56: 18 | G56: 24 | H56: 30 | I56: 36 | K56: LCP | L56: COD | M56: 30 Days | N56: 60 Days | O56: 90 Days | P56: I.R. ( + ) | R56: 6 | S56: 12-36 | U56: Rebate | W56: DATE
A57: KAWASAKI
A58: 91000 | B58: Barako 175 II KICK START (BC175HHF/H-E380/HMFNN/MNFNN/MPFNN) | C58: 25000 | D58: =IF(C58>=1,(K58-C58)*(1+P58*$D$4/100)/$D$4+Q58+R58,"") -> 13558.105 | E58: =IF(C58>=1,(K58-C58)*(1+P58*$E$4/100)/$E$4+Q58+S58,"") -> 7545.605 | F58: =IF(C58>=1,(K58-C58)*(1+$P58*$F$4/100)/$F$4+Q58+S58, "") -> 5583.105 | G58: =IF(C58>=1, (K58-C58)*(1+$P58*$G$4/100)/$G$4+Q58+S58,"") -> 4601.855 | H58: =IF(C58>=1, (K58-C58)*(1+$P58*$H$4/100)/$H$4+Q58+S58, "") -> 4013.105 | I58: =IF(C58>=1, (K58-C58)*(1+$P58*$I$4/100)/$I$4+Q58+S58, "") -> 3620.605 | K58: =95650 -> 95650 | L58: =93175 -> 93175 | M58: =94000+1200 -> 95200 | N58: =94825+1200 -> 96025 | O58: =95650+1100 -> 96750 | P58: 2.17 | R58: 250 | S58: 125 | U58: 350 | V58: 100 | W58: 04/27/2023 | X58: MB-2023-079
A59: 95000 | B59: Barako 175 II DUAL START (BC175J-D380 / JHF/ JMFNN / NNFNN/NPFNN) | D59: =IF(C59>=1,(K59-C59)*(1+P59*$D$4/100)/$D$4+Q59+R59,"") | E59: =IF(C59>=1,(K59-C59)*(1+P59*$E$4/100)/$E$4+Q59+S59,"") | F59: =IF(C59>=1,(K59-C59)*(1+$P59*$F$4/100)/$F$4+Q59+S59, "") | G59: =IF(C59>=1, (K59-C59)*(1+$P59*$G$4/100)/$G$4+Q59+S59,"") | H59: =IF(C59>=1, (K59-C59)*(1+$P59*$H$4/100)/$H$4+Q59+S59, "") | I59: =IF(C59>=1, (K59-C59)*(1+$P59*$I$4/100)/$I$4+Q59+S59, "") | K59: =99598 -> 99598 | L59: =97873 -> 97873 | M59: =98448+1200 -> 99648 | N59: =99023+1200 -> 100223 | O59: =99598+1100 -> 100698 | P59: 2.17 | R59: 250 | S59: 125 | U59: 350 | V59: 100 | W59: 04/27/2023 | X59: MB-2023-080
A60: 91500 | B60: Barako 175 II KICK START (BC175MSFNN) | C60: 20000 | D60: =IF(C60>=1,(K60-C60)*(1+P60*$D$4/100)/$D$4+Q60+R60,"") -> 14594.122 | E60: =IF(C60>=1,(K60-C60)*(1+P60*$E$4/100)/$E$4+Q60+S60,"") -> 8123.2883 | F60: =IF(C60>=1,(K60-C60)*(1+$P60*$F$4/100)/$F$4+Q60+S60, "") -> 6008.0106 | G60: =IF(C60>=1, (K60-C60)*(1+$P60*$G$4/100)/$G$4+Q60+S60,"") -> 4950.3717 | H60: =IF(C60>=1, (K60-C60)*(1+$P60*$H$4/100)/$H$4+Q60+S60, "") -> 4315.7883 | I60: =IF(C60>=1, (K60-C60)*(1+$P60*$I$4/100)/$I$4+Q60+S60, "") -> 3892.7328 | K60: =96150 -> 96150 | L60: =93675 -> 93675 | M60: =94500+1200 -> 95700 | N60: =95325+1200 -> 96525 | O60: =96150+1100 -> 97250 | P60: 2.17 | R60: 250 | S60: 125 | U60: 350 | V60: 100 | W60: 03/03/2025 | X60: MB-2025-005
A61: 95500 | B61: Barako 175 II DUAL START (BC175NSFNN) | C61: 20000 | D61: =IF(C61>=1,(K61-C61)*(1+P61*$D$4/100)/$D$4+Q61+R61,"") -> 15337.793 | E61: =IF(C61>=1,(K61-C61)*(1+P61*$E$4/100)/$E$4+Q61+S61,"") -> 8537.9599 | F61: =IF(C61>=1,(K61-C61)*(1+$P61*$F$4/100)/$F$4+Q61+S61, "") -> 6313.0155 | G61: =IF(C61>=1, (K61-C61)*(1+$P61*$G$4/100)/$G$4+Q61+S61,"") -> 5200.5433 | H61: =IF(C61>=1, (K61-C61)*(1+$P61*$H$4/100)/$H$4+Q61+S61, "") -> 4533.0599 | I61: =IF(C61>=1, (K61-C61)*(1+$P61*$I$4/100)/$I$4+Q61+S61, "") -> 4088.071 | K61: =100098 -> 100098 | L61: =98373 -> 98373 | M61: =98948+1200 -> 100148 | N61: =99523+1200 -> 100723 | O61: =100098+1100 -> 101198 | P61: 2.17 | R61: 250 | S61: 125 | U61: 350 | V61: 100 | W61: 03/03/2025 | X61: MB-2025-006
A62: 96500 | B62: BARAKO III KICK START (BC175KMFNN/KPFNN) | D62: =IF(C62>=1,(K62-C62)*(1+P62*$D$4/100)/$D$4+Q62+R62,"") | E62: =IF(C62>=1,(K62-C62)*(1+P62*$E$4/100)/$E$4+Q62+S62,"") | F62: =IF(C62>=1,(K62-C62)*(1+$P62*$F$4/100)/$F$4+Q62+S62, "") | G62: =IF(C62>=1, (K62-C62)*(1+$P62*$G$4/100)/$G$4+Q62+S62,"") | H62: =IF(C62>=1, (K62-C62)*(1+$P62*$H$4/100)/$H$4+Q62+S62, "") | I62: =IF(C62>=1, (K62-C62)*(1+$P62*$I$4/100)/$I$4+Q62+S62, "") | K62: =101150 -> 101150 | L62: =99179 -> 99179 | M62: =99836+1200 -> 101036 | N62: =100493+1200 -> 101693 | O62: =101150+1100 -> 102250 | P62: 2.17 | R62: 250 | S62: 125 | U62: 350 | V62: 100 | W62: 04/27/2023 | X62: MB-2023-081
A63: 101000 | B63: BARAKO III ELECTRIC START (BC175LMFNN/LPFNN/LSFNN) | C63: 35000 | D63: =IF(C63>=1,(K63-C63)*(1+P63*$D$4/100)/$D$4+Q63+R63,"") -> 13548.31 | E63: =IF(C63>=1,(K63-C63)*(1+P63*$E$4/100)/$E$4+Q63+S63,"") -> 7540.1433 | F63: =IF(C63>=1,(K63-C63)*(1+$P63*$F$4/100)/$F$4+Q63+S63, "") -> 5579.0877 | G63: =IF(C63>=1, (K63-C63)*(1+$P63*$G$4/100)/$G$4+Q63+S63,"") -> 4598.5599 | H63: =IF(C63>=1, (K63-C63)*(1+$P63*$H$4/100)/$H$4+Q63+S63, "") -> 4010.2433 | I63: =IF(C63>=1, (K63-C63)*(1+$P63*$I$4/100)/$I$4+Q63+S63, "") -> 3618.0322 | K63: =105598 -> 105598 | L63: =103873 -> 103873 | M63: =104448+1200 -> 105648 | N63: =105023+1200 -> 106223 | O63: =105598+1100 -> 106698 | P63: 2.17 | R63: 250 | S63: 125 | U63: 350 | V63: 100 | W63: 05/30/2025 | X63: MB-2025-022
A64: 75000 | B64: BRUSKY125 (SN125ZRFNN) | D64: =IF(C64>=1,(K64-C64)*(1+P64*$D$4/100)/$D$4+Q64+R64,"") | E64: =IF(C64>=1,(K64-C64)*(1+P64*$E$4/100)/$E$4+Q64+S64,"") | F64: =IF(C64>=1,(K64-C64)*(1+$P64*$F$4/100)/$F$4+Q64+S64, "") | G64: =IF(C64>=1, (K64-C64)*(1+$P64*$G$4/100)/$G$4+Q64+S64,"") | H64: =IF(C64>=1, (K64-C64)*(1+$P64*$H$4/100)/$H$4+Q64+S64, "") | I64: =IF(C64>=1, (K64-C64)*(1+$P64*$I$4/100)/$I$4+Q64+S64, "") | K64: =79722 -> 79722 | L64: =78204 -> 78204 | M64: =78710+1200 -> 79910 | N64: =79216+1200 -> 80416 | O64: =79722+1100 -> 80822 | P64: 2.17 | R64: 250 | S64: 125 | U64: 350 | V64: 100 | W64: 01/13/2025 | X64: MB-2025-001
A65: 47900 | B65: CT 100A / C (NEW) | D65: =IF(C65>=1,(K65-C65)*(1+P65*$D$4/100)/$D$4+Q65+R65,"") | E65: =IF(C65>=1,(K65-C65)*(1+P65*$E$4/100)/$E$4+Q65+S65,"") | F65: =IF(C65>=1,(K65-C65)*(1+$P65*$F$4/100)/$F$4+Q65+S65, "") | G65: =IF(C65>=1, (K65-C65)*(1+$P65*$G$4/100)/$G$4+Q65+S65,"") | H65: =IF(C65>=1, (K65-C65)*(1+$P65*$H$4/100)/$H$4+Q65+S65, "") | I65: =IF(C65>=1, (K65-C65)*(1+$P65*$I$4/100)/$I$4+Q65+S65, "") | K65: 53007 | L65: 51521 | M65: =52016+1200 -> 53216 | N65: =52511+1200 -> 53711 | O65: =53007+1100 -> 54107 | P65: 2.17 | R65: 250 | S65: 125 | U65: 200 | V65: 50 | W65: 07/15/20 | X65: CT100CA380
A66: 56700 | B66: CT 100 (CA100AA) | D66: =IF(C66>=1,(K66-C66)*(1+P66*$D$4/100)/$D$4+Q66+R66,"") | E66: =IF(C66>=1,(K66-C66)*(1+P66*$E$4/100)/$E$4+Q66+S66,"") | F66: =IF(C66>=1,(K66-C66)*(1+$P66*$F$4/100)/$F$4+Q66+S66, "") | G66: =IF(C66>=1, (K66-C66)*(1+$P66*$G$4/100)/$G$4+Q66+S66,"") | H66: =IF(C66>=1, (K66-C66)*(1+$P66*$H$4/100)/$H$4+Q66+S66, "") | I66: =IF(C66>=1, (K66-C66)*(1+$P66*$I$4/100)/$I$4+Q66+S66, "") | K66: 61807 | L66: 60321 | M66: =60816+1200 -> 62016 | N66: =61311+1200 -> 62511 | O66: =61807+1100 -> 62907 | P66: 2.17 | R66: 250 | S66: 125 | U66: 200 | V66: 50 | W66: 06/08/2024 | X66: MB-2024-016
A67: 41900 | B67: CT 100B | D67: =IF(C67>=1,(K67-C67)*(1+P67*$D$4/100)/$D$4+Q67+R67,"") | E67: =IF(C67>=1,(K67-C67)*(1+P67*$E$4/100)/$E$4+Q67+S67,"") | F67: =IF(C67>=1,(K67-C67)*(1+$P67*$F$4/100)/$F$4+Q67+S67, "") | G67: =IF(C67>=1, (K67-C67)*(1+$P67*$G$4/100)/$G$4+Q67+S67,"") | H67: =IF(C67>=1, (K67-C67)*(1+$P67*$H$4/100)/$H$4+Q67+S67, "") | I67: =IF(C67>=1, (K67-C67)*(1+$P67*$I$4/100)/$I$4+Q67+S67, "") | K67: 48386 | L67: 46239 | M67: =46954+1200 -> 48154 | N67: =47671+1200 -> 48871 | O67: =48386+1100 -> 49486 | P67: 2.5 | R67: 250 | S67: 125 | U67: 200 | V67: 100 | W67: 43367
A68: 54200 | B68: CT 100BE (CT100B-E380/CT100BE)(NEW) | C68: 30000 | D68: =IF(C68>=1,(K68-C68)*(1+P68*$D$4/100)/$D$4+Q68+R68,"") -> 6131.4833 | E68: =IF(C68>=1,(K68-C68)*(1+P68*$E$4/100)/$E$4+Q68+S68,"") -> 3449.3167 | F68: =IF(C68>=1,(K68-C68)*(1+$P68*$F$4/100)/$F$4+Q68+S68, "") -> 2596.9278 | G68: =IF(C68>=1, (K68-C68)*(1+$P68*$G$4/100)/$G$4+Q68+S68,"") -> 2170.7333 | H68: =IF(C68>=1, (K68-C68)*(1+$P68*$H$4/100)/$H$4+Q68+S68, "") -> 1915.0167 | I68: =IF(C68>=1, (K68-C68)*(1+$P68*$I$4/100)/$I$4+Q68+S68, "") -> 1744.5389 | K68: =60686 -> 60686 | L68: =58539 -> 58539 | M68: =59254+1200 -> 60454 | N68: =59970+1200 -> 61170 | O68: =60686+1100 -> 61786 | P68: 2.5 | R68: 250 | S68: 125 | U68: 200 | V68: 100 | W68: 03/03/2024 | X68: MB-2025-007
A69: 56200 | B69: CT 100C (B380 / CT100CB) | D69: =IF(C69>=1,(K69-C69)*(1+P69*$D$4/100)/$D$4+Q69+R69,"") | E69: =IF(C69>=1,(K69-C69)*(1+P69*$E$4/100)/$E$4+Q69+S69,"") | F69: =IF(C69>=1,(K69-C69)*(1+$P69*$F$4/100)/$F$4+Q69+S69, "") | G69: =IF(C69>=1, (K69-C69)*(1+$P69*$G$4/100)/$G$4+Q69+S69,"") | H69: =IF(C69>=1, (K69-C69)*(1+$P69*$H$4/100)/$H$4+Q69+S69, "") | I69: =IF(C69>=1, (K69-C69)*(1+$P69*$I$4/100)/$I$4+Q69+S69, "") | K69: =61307 -> 61307 | L69: =59821 -> 59821 | M69: =60316+1200 -> 61516 | N69: =60811+1200 -> 62011 | O69: =61307+1100 -> 62407 | P69: 2.17 | R69: 250 | S69: 125 | U69: 200 | V69: 50 | W69: 12/01/2022 | X69: MB-2022-166
A70: 50900 | B70: CT 125 (CT125A-A380/CT125AA/CT125AC/CT125AD) | D70: =IF(C70>=1,(K70-C70)*(1+P70*$D$4/100)/$D$4+Q70+R70,"") | E70: =IF(C70>=1,(K70-C70)*(1+P70*$E$4/100)/$E$4+Q70+S70,"") | F70: =IF(C70>=1,(K70-C70)*(1+$P70*$F$4/100)/$F$4+Q70+S70, "") | G70: =IF(C70>=1, (K70-C70)*(1+$P70*$G$4/100)/$G$4+Q70+S70,"") | H70: =IF(C70>=1, (K70-C70)*(1+$P70*$H$4/100)/$H$4+Q70+S70, "") | I70: =IF(C70>=1, (K70-C70)*(1+$P70*$I$4/100)/$I$4+Q70+S70, "") | K70: 56724 | L70: 54664 | M70: =55350+1200 -> 56550 | N70: =56037+1200 -> 57237 | O70: =56724+1100 -> 57824 | P70: 2.17 | R70: 250 | S70: 125 | U70: 200 | V70: 50 | W70: 10/05/20 | X70: REGINA
A71: 58700 | B71: CT 125 (CT125A-E380 / CT125AE) | D71: =IF(C71>=1,(K71-C71)*(1+P71*$D$4/100)/$D$4+Q71+R71,"") | E71: =IF(C71>=1,(K71-C71)*(1+P71*$E$4/100)/$E$4+Q71+S71,"") | F71: =IF(C71>=1,(K71-C71)*(1+$P71*$F$4/100)/$F$4+Q71+S71, "") | G71: =IF(C71>=1, (K71-C71)*(1+$P71*$G$4/100)/$G$4+Q71+S71,"") | H71: =IF(C71>=1, (K71-C71)*(1+$P71*$H$4/100)/$H$4+Q71+S71, "") | I71: =IF(C71>=1, (K71-C71)*(1+$P71*$I$4/100)/$I$4+Q71+S71, "") | K71: =64524 -> 64524 | L71: =62464 -> 62464 | M71: =63150+1200 -> 64350 | N71: =63837+1200 -> 65037 | O71: =64524+1100 -> 65624 | P71: 2.17 | R71: 250 | S71: 125 | U71: 200 | V71: 50 | W71: 12/01/2022 | X71: MB-2022-167
A72: 52900 | B72: CT 150 AB | D72: =IF(C72>=1,(K72-C72)*(1+P72*$D$4/100)/$D$4+Q72+R72,"") | E72: =IF(C72>=1,(K72-C72)*(1+P72*$E$4/100)/$E$4+Q72+S72,"") | F72: =IF(C72>=1,(K72-C72)*(1+$P72*$F$4/100)/$F$4+Q72+S72, "") | G72: =IF(C72>=1, (K72-C72)*(1+$P72*$G$4/100)/$G$4+Q72+S72,"") | H72: =IF(C72>=1, (K72-C72)*(1+$P72*$H$4/100)/$H$4+Q72+S72, "") | I72: =IF(C72>=1, (K72-C72)*(1+$P72*$I$4/100)/$I$4+Q72+S72, "") | K72: 58362 | L72: 57269 | M72: =57633+1200 -> 58833 | N72: =57997+1200 -> 59197 | O72: =58362+1100 -> 59462 | P72: 2.17 | R72: 250 | S72: 125 | U72: 200 | V72: 100 | W72: 43367
A73: 69500 | B73: CT 150 B-A380/BA | C73: 30000 | D73: =IF(C73>=1,(K73-C73)*(1+P73*$D$4/100)/$D$4+Q73+R73,"") -> 8638.9095 | E73: =IF(C73>=1,(K73-C73)*(1+P73*$E$4/100)/$E$4+Q73+S73,"") -> 4802.6595 | F73: =IF(C73>=1,(K73-C73)*(1+$P73*$F$4/100)/$F$4+Q73+S73, "") -> 3565.5762 | G73: =IF(C73>=1, (K73-C73)*(1+$P73*$G$4/100)/$G$4+Q73+S73,"") -> 2947.0345 | H73: =IF(C73>=1, (K73-C73)*(1+$P73*$H$4/100)/$H$4+Q73+S73, "") -> 2575.9095 | I73: =IF(C73>=1, (K73-C73)*(1+$P73*$I$4/100)/$I$4+Q73+S73, "") -> 2328.4928 | K73: =74535 -> 74535 | L73: =73342 -> 73342 | M73: =73739+1200 -> 74939 | N73: =74137+1200 -> 75337 | O73: =74535+1100 -> 75635 | P73: 2.17 | R73: 250 | S73: 125 | U73: 200 | V73: 100 | W73: 03/03/2025 | X73: MB-2025-008
A74: 175000 | B74: DOMINAR 400 (D4004A-A380/400AA) 50% | D74: =IF(C74>=1,(K74-C74)*(1+P74*$D$4/100)/$D$4+Q74+R74,"") | E74: =IF(C74>=1,(K74-C74)*(1+P74*$E$4/100)/$E$4+Q74+S74,"") | F74: =IF(C74>=1,(K74-C74)*(1+$P74*$F$4/100)/$F$4+Q74+S74, "") | G74: =IF(C74>=1, (K74-C74)*(1+$P74*$G$4/100)/$G$4+Q74+S74,"") | H74: =IF(C74>=1, (K74-C74)*(1+$P74*$H$4/100)/$H$4+Q74+S74, "") | I74: =IF(C74>=1, (K74-C74)*(1+$P74*$I$4/100)/$I$4+Q74+S74, "") | K74: 179917 | L74: 176681 | M74: =177759+1200 -> 178959 | N74: =178837+1200 -> 180037 | O74: =179917+1100 -> 181017 | P74: 2.5 | R74: 250 | S74: 125 | U74: 350 | V74: 100 | W74: 01/24/19
A75: 199900 | B75: DOMINAR 400UG (D400B-A380/400BA) 50% | D75: =IF(C75>=1,(K75-C75)*(1+P75*$D$4/100)/$D$4+Q75+R75,"") | E75: =IF(C75>=1,(K75-C75)*(1+P75*$E$4/100)/$E$4+Q75+S75,"") | F75: =IF(C75>=1,(K75-C75)*(1+$P75*$F$4/100)/$F$4+Q75+S75, "") | G75: =IF(C75>=1, (K75-C75)*(1+$P75*$G$4/100)/$G$4+Q75+S75,"") | H75: =IF(C75>=1, (K75-C75)*(1+$P75*$H$4/100)/$H$4+Q75+S75, "") | I75: =IF(C75>=1, (K75-C75)*(1+$P75*$I$4/100)/$I$4+Q75+S75, "") | K75: 204817 | L75: 201581 | M75: =202659+1200 -> 203859 | N75: =203738+1200 -> 204938 | O75: =204817+1100 -> 205917 | P75: 2.5 | R75: 250 | S75: 125 | U75: 350 | V75: 100 | W75: 12/01/2022 | X75: MB-2022-173
A76: 208900 | B76: DOMINAR 400UG2 (D400AA) 50% | D76: =IF(C76>=1,(K76-C76)*(1+P76*$D$4/100)/$D$4+Q76+R76,"") | E76: =IF(C76>=1,(K76-C76)*(1+P76*$E$4/100)/$E$4+Q76+S76,"") | F76: =IF(C76>=1,(K76-C76)*(1+$P76*$F$4/100)/$F$4+Q76+S76, "") | G76: =IF(C76>=1, (K76-C76)*(1+$P76*$G$4/100)/$G$4+Q76+S76,"") | H76: =IF(C76>=1, (K76-C76)*(1+$P76*$H$4/100)/$H$4+Q76+S76, "") | I76: =IF(C76>=1, (K76-C76)*(1+$P76*$I$4/100)/$I$4+Q76+S76, "") | K76: =213817 -> 213817 | L76: =210581 -> 210581 | M76: =211659+1200 -> 212859 | N76: =212738+1200 -> 213938 | O76: =213817+1100 -> 214917 | P76: 2.5 | R76: 250 | S76: 125 | U76: 350 | V76: 100 | W76: 08/11/2023 | X76: MB-2023-100
A77: 65400 | B77: Fury 125E (AX125EHF/AX125EKF) Spokes | D77: =IF(C77>=1,(K77-C77)*(1+P77*$D$4/100)/$D$4+Q77+R77,"") | E77: =IF(C77>=1,(K77-C77)*(1+P77*$E$4/100)/$E$4+Q77+S77,"") | F77: =IF(C77>=1,(K77-C77)*(1+$P77*$F$4/100)/$F$4+Q77+S77, "") | G77: =IF(C77>=1, (K77-C77)*(1+$P77*$G$4/100)/$G$4+Q77+S77,"") | H77: =IF(C77>=1, (K77-C77)*(1+$P77*$H$4/100)/$H$4+Q77+S77, "") | I77: =IF(C77>=1, (K77-C77)*(1+$P77*$I$4/100)/$I$4+Q77+S77, "") | K77: 72744 | L77: 70062 | M77: =69956+1000+1200 -> 72156 | N77: =70850+1000+1200 -> 73050 | O77: =71744+1000+1100 -> 73844 | P77: 2.17 | R77: 250 | S77: 125 | U77: 400 | V77: 100 | W77: 03/20/19
A78: 75900 | B78: Fury 125F (AX125FFF/ AX125FGF) Mags | D78: =IF(C78>=1,(K78-C78)*(1+P78*$D$4/100)/$D$4+Q78+R78,"") | E78: =IF(C78>=1,(K78-C78)*(1+P78*$E$4/100)/$E$4+Q78+S78,"") | F78: =IF(C78>=1,(K78-C78)*(1+$P78*$F$4/100)/$F$4+Q78+S78, "") | G78: =IF(C78>=1, (K78-C78)*(1+$P78*$G$4/100)/$G$4+Q78+S78,"") | H78: =IF(C78>=1, (K78-C78)*(1+$P78*$H$4/100)/$H$4+Q78+S78, "") | I78: =IF(C78>=1, (K78-C78)*(1+$P78*$I$4/100)/$I$4+Q78+S78, "") | K78: 83244 | L78: 80562 | M78: =81456+1200 -> 82656 | N78: =82350+1200 -> 83550 | O78: =83244+1100 -> 84344 | P78: 2.17 | R78: 250 | S78: 125 | U78: 200 | V78: 100 | W78: 43773 | X78: 2019-024
A79: 150000 | B79: KLX140 (KLX140CNFNN) (2022) | L79: 150000 | W79: 45043 | X79: MB-2023-083
A80: 160000 | B80: KLX140 (KLX140CPFNN) (2023) | L80: 160000 | W80: 45043 | X80: MB-2023-084
A81: 122500 | B81: KLX150LW(KLX150J/JGF/JJF)(24 mos.50%) | D81: =IF(C81>=1,(K81-C81)*(1+P81*$D$4/100)/$D$4+Q81+R81,"") | E81: =IF(C81>=1,(K81-C81)*(1+P81*$E$4/100)/$E$4+Q81+S81,"") | F81: =IF(C81>=1,(K81-C81)*(1+$P81*$F$4/100)/$F$4+Q81+S81, "") | G81: =IF(C81>=1, (K81-C81)*(1+$P81*$G$4/100)/$G$4+Q81+S81,"") | K81: 127119 | L81: 127119 | M81: =128079+240 -> 128319 | N81: =128079+240 -> 128319 | O81: =128079+240 -> 128319 | P81: 2.5 | R81: 250 | S81: 125 | U81: 200 | V81: 100 | W81: 43869 | X81: REGINA
A82: 132400 | B82: KLX150BF(LX150F/ KLX150FMBBN)(24 mos. 50%) | D82: =IF(C82>=1,(K82-C82)*(1+P82*$D$4/100)/$D$4+Q82+R82,"") | E82: =IF(C82>=1,(K82-C82)*(1+P82*$E$4/100)/$E$4+Q82+S82,"") | F82: =IF(C82>=1,(K82-C82)*(1+$P82*$F$4/100)/$F$4+Q82+S82, "") | G82: =IF(C82>=1, (K82-C82)*(1+$P82*$G$4/100)/$G$4+Q82+S82,"") | K82: 134678 | L82: 134678 | M82: =L82 -> 134678 | N82: =L82 -> 134678 | O82: =L82+1200 -> 135878 | P82: 2.5 | R82: 250 | S82: 125 | U82: 200 | V82: 100 | W82: 06/01/2022 | X82: MB-2022-054
A83: 134900 | B83: KLX150 (KRAAN)(24 mos. 50%) | C83: 80000 | D83: =IF(C83>=1,(K83-C83)*(1+P83*$D$4/100)/$D$4+Q83+R83,"") -> 10972.584 | E83: =IF(C83>=1,(K83-C83)*(1+P83*$E$4/100)/$E$4+Q83+S83,"") -> 6103.9175 | F83: =IF(C83>=1,(K83-C83)*(1+$P83*$F$4/100)/$F$4+Q83+S83, "") -> 4522.6952 | G83: =IF(C83>=1, (K83-C83)*(1+$P83*$G$4/100)/$G$4+Q83+S83,"") -> 3732.0841 | K83: =136924 -> 136924 | L83: =134900 -> 134900 | M83: =135575+1200 -> 136775 | N83: =136249+1200 -> 137449 | O83: =136924+1100 -> 138024 | P83: 2.17 | R83: 250 | S83: 125 | U83: 200 | V83: 100 | W83: 02/26/2025 | X83: MB-2025-004
A84: 124900 | B84: KLX150S (LX150L )(24 mos. 50%) | C84: 80000 | D84: =IF(C84>=1,(K84-C84)*(1+P84*$D$4/100)/$D$4+Q84+R84,"") -> 9215.0167 | E84: =IF(C84>=1,(K84-C84)*(1+P84*$E$4/100)/$E$4+Q84+S84,"") -> 5192.1833 | F84: =IF(C84>=1,(K84-C84)*(1+$P84*$F$4/100)/$F$4+Q84+S84, "") -> 3892.9056 | G84: =IF(C84>=1, (K84-C84)*(1+$P84*$G$4/100)/$G$4+Q84+S84,"") -> 3243.2667 | K84: =126774 -> 126774 | L84: =124900 -> 124900 | M84: =125525+1200 -> 126725 | N84: =126149+1200 -> 127349 | O84: =126774+1100 -> 127874 | P84: 2.5 | R84: 250 | S84: 125 | U84: 200 | V84: 100 | W84: 03/10/2025 | X84: MB-2025-012
A85: 136900 | B85: KLX150 (LX150KTAAN)(24 mos. 50%) | C85: 80000 | D85: =IF(C85>=1,(K85-C85)*(1+P85*$D$4/100)/$D$4+Q85+R85,"") -> 11549.517 | E85: =IF(C85>=1,(K85-C85)*(1+P85*$E$4/100)/$E$4+Q85+S85,"") -> 6511.6833 | F85: =IF(C85>=1,(K85-C85)*(1+$P85*$F$4/100)/$F$4+Q85+S85, "") -> 4874.0722 | G85: =IF(C85>=1, (K85-C85)*(1+$P85*$G$4/100)/$G$4+Q85+S85,"") -> 4055.2667 | K85: =138954 -> 138954 | L85: =136900 -> 136900 | M85: =137585+1200 -> 138785 | N85: =138269+1200 -> 139469 | O85: =138954+1100 -> 140054 | P85: 2.5 | R85: 250 | S85: 125 | U85: 200 | V85: 100 | W85: 03/10/2025 | X85: MB-2025-011
A86: 149726 | B86: KLX140 (LX140CTFNN) | L86: 162000 | W86: 07/05/2025 | X86: MB-2025-026
A87: 92000 | B87: Rouser NS160 / NS160AB Higher DP NEW | D87: =IF(C87>=1,(K87-C87)*(1+P87*$D$4/100)/$D$4+Q87+R87,"") | E87: =IF(C87>=1,(K87-C87)*(1+P87*$E$4/100)/$E$4+Q87+S87,"") | F87: =IF(C87>=1,(K87-C87)*(1+$P87*$F$4/100)/$F$4+Q87+S87, "") | G87: =IF(C87>=1, (K87-C87)*(1+$P87*$G$4/100)/$G$4+Q87+S87,"") | H87: =IF(C87>=1, (K87-C87)*(1+$P87*$H$4/100)/$H$4+Q87+S87, "") | I87: =IF(C87>=1, (K87-C87)*(1+$P87*$I$4/100)/$I$4+Q87+S87, "") | K87: 97889 | L87: 95316 | M87: =96173+1200 -> 97373 | N87: =97031+1200 -> 98231 | O87: =97889+1100 -> 98989 | P87: 2.5 | R87: 250 | S87: 125 | U87: 300 | V87: 100 | W87: 02/08/20 | X87: 2020-001
A88: 99900 | B88: Rouser NS160AC (RNS160A-C380/RSN160AC/AD )Higher DP NEW | D88: =IF(C88>=1,(K88-C88)*(1+P88*$D$4/100)/$D$4+Q88+R88,"") | E88: =IF(C88>=1,(K88-C88)*(1+P88*$E$4/100)/$E$4+Q88+S88,"") | F88: =IF(C88>=1,(K88-C88)*(1+$P88*$F$4/100)/$F$4+Q88+S88, "") | G88: =IF(C88>=1, (K88-C88)*(1+$P88*$G$4/100)/$G$4+Q88+S88,"") | H88: =IF(C88>=1, (K88-C88)*(1+$P88*$H$4/100)/$H$4+Q88+S88, "") | I88: =IF(C88>=1, (K88-C88)*(1+$P88*$I$4/100)/$I$4+Q88+S88, "") | K88: =105789 -> 105789 | L88: =103216 -> 103216 | M88: =104073+1200 -> 105273 | N88: =104931+1200 -> 106131 | O88: =105789+1100 -> 106889 | P88: 2.5 | R88: 250 | S88: 125 | U88: 300 | V88: 100 | W88: 12/01/2022 | X88: MB-2022-170
A89: 129800 | B89: Rouser NS200 ABS (RNS200A-C380 / RNS200AC ) Higher DP | D89: =IF(C89>=1,(K89-C89)*(1+P89*$D$4/100)/$D$4+Q89+R89,"") | E89: =IF(C89>=1,(K89-C89)*(1+P89*$E$4/100)/$E$4+Q89+S89,"") | F89: =IF(C89>=1,(K89-C89)*(1+$P89*$F$4/100)/$F$4+Q89+S89, "") | G89: =IF(C89>=1, (K89-C89)*(1+$P89*$G$4/100)/$G$4+Q89+S89,"") | H89: =IF(C89>=1, (K89-C89)*(1+$P89*$H$4/100)/$H$4+Q89+S89, "") | I89: =IF(C89>=1, (K89-C89)*(1+$P89*$I$4/100)/$I$4+Q89+S89, "") | K89: =133989 -> 133989 | L89: =131700 -> 131700 | M89: =132463+1200 -> 133663 | N89: =133226+1200 -> 134426 | O89: =133989+1100 -> 135089 | P89: 2.5 | R89: 250 | S89: 125 | U89: 300 | V89: 100 | W89: 12/01/2022 | X89: MB-2022-171
A90: 99900 | B90: Rouser 200 NS (NEW 2017 ) 50%DP | D90: =IF(C90>=1,(K90-C90)*(1+P90*$D$4/100)/$D$4+Q90+R90,"") | E90: =IF(C90>=1,(K90-C90)*(1+P90*$E$4/100)/$E$4+Q90+S90,"") | F90: =IF(C90>=1,(K90-C90)*(1+$P90*$F$4/100)/$F$4+Q90+S90, "") | G90: =IF(C90>=1, (K90-C90)*(1+$P90*$G$4/100)/$G$4+Q90+S90,"") | H90: =IF(C90>=1, (K90-C90)*(1+$P90*$H$4/100)/$H$4+Q90+S90, "") | I90: =IF(C90>=1, (K90-C90)*(1+$P90*$I$4/100)/$I$4+Q90+S90, "") | K90: 106224 | L90: 102486 | M90: =104692+240 -> 104932 | N90: =105938+240 -> 106178 | O90: =107084+240 -> 107324 | P90: 2.5 | R90: 250 | S90: 125 | U90: 200 | V90: 100
A91: 125000 | B91: Rouser RS 200 (NEW 2017 ) 50%DP | D91: =IF(C91>=1,(K91-C91)*(1+P91*$D$4/100)/$D$4+Q91+R91,"") | E91: =IF(C91>=1,(K91-C91)*(1+P91*$E$4/100)/$E$4+Q91+S91,"") | F91: =IF(C91>=1,(K91-C91)*(1+$P91*$F$4/100)/$F$4+Q91+S91, "") | G91: =IF(C91>=1, (K91-C91)*(1+$P91*$G$4/100)/$G$4+Q91+S91,"") | H91: =IF(C91>=1, (K91-C91)*(1+$P91*$H$4/100)/$H$4+Q91+S91, "") | I91: =IF(C91>=1, (K91-C91)*(1+$P91*$I$4/100)/$I$4+Q91+S91, "") | K91: 130321 | L91: 127862 | M91: =129821+240 -> 130061 | N91: =130461+240 -> 130701 | O91: =131081+240 -> 131321 | P91: 2.5 | R91: 250 | S91: 125 | U91: 200 | V91: 100
A92: 149500 | B92: Rouser RS 200 (ABS/RRS200AD/AE ) Higher DP | D92: =IF(C92>=1,(K92-C92)*(1+P92*$D$4/100)/$D$4+Q92+R92,"") | E92: =IF(C92>=1,(K92-C92)*(1+P92*$E$4/100)/$E$4+Q92+S92,"") | F92: =IF(C92>=1,(K92-C92)*(1+$P92*$F$4/100)/$F$4+Q92+S92, "") | G92: =IF(C92>=1, (K92-C92)*(1+$P92*$G$4/100)/$G$4+Q92+S92,"") | H92: =IF(C92>=1, (K92-C92)*(1+$P92*$H$4/100)/$H$4+Q92+S92, "") | I92: =IF(C92>=1, (K92-C92)*(1+$P92*$I$4/100)/$I$4+Q92+S92, "") | K92: =153247 -> 153247 | L92: =149625 -> 149625 | M92: =150832+1200 -> 152032 | N92: =152039+1200 -> 153239 | O92: =153247+1100 -> 154347 | P92: 2.5 | R92: 250 | S92: 125 | U92: 300 | V92: 100 | W92: 12/01/2022 | X92: MB-2022-172
A93: 82000 | B93: Rouser NS Fi (RNS125-A380/NS125AA) | D93: =IF(C93>=1,(K93-C93)*(1+P93*$D$4/100)/$D$4+Q93+R93,"") | E93: =IF(C93>=1,(K93-C93)*(1+P93*$E$4/100)/$E$4+Q93+S93,"") | F93: =IF(C93>=1,(K93-C93)*(1+$P93*$F$4/100)/$F$4+Q93+S93, "") | G93: =IF(C93>=1, (K93-C93)*(1+$P93*$G$4/100)/$G$4+Q93+S93,"") | H93: =IF(C93>=1, (K93-C93)*(1+$P93*$H$4/100)/$H$4+Q93+S93, "") | I93: =IF(C93>=1, (K93-C93)*(1+$P93*$I$4/100)/$I$4+Q93+S93, "") | K93: =86668 -> 86668 | L93: =85379 -> 85379 | M93: =85808+1200 -> 87008 | N93: =86238+1200 -> 87438 | O93: =86668+1100 -> 87768 | P93: 2.5 | R93: 250 | S93: 125 | U93: 300 | V93: 100 | W93: 12/01/2022 | X93: MB-2022-169
A94: 104000 | B94: Rouser NS Fi (RNS200A-A380) | D94: =IF(C94>=1,(K94-C94)*(1+P94*$D$4/100)/$D$4+Q94+R94,"") | E94: =IF(C94>=1,(K94-C94)*(1+P94*$E$4/100)/$E$4+Q94+S94,"") | F94: =IF(C94>=1,(K94-C94)*(1+$P94*$F$4/100)/$F$4+Q94+S94, "") | G94: =IF(C94>=1, (K94-C94)*(1+$P94*$G$4/100)/$G$4+Q94+S94,"") | H94: =IF(C94>=1, (K94-C94)*(1+$P94*$H$4/100)/$H$4+Q94+S94, "") | I94: =IF(C94>=1, (K94-C94)*(1+$P94*$I$4/100)/$I$4+Q94+S94, "") | K94: 108635 | L94: =104000 -> 104000 | M94: =105545+1200 -> 106745 | N94: =107090+1200 -> 108290 | O94: =108635+1100 -> 109735 | P94: 2.5 | R94: 250 | S94: 125 | U94: 200 | V94: 100 | W94: 08/11/20 | X94: 2020-029
A96: D.Price | B96: BRAND/MODEL | C96: DP | D96: 6 | E96: 12 | F96: 18 | G96: 24 | H96: 30 | I96: 36 | K96: LCP | L96: COD | M96: 30 Days | N96: 60 Days | O96: 90 Days | P96: I.R. ( + ) | R96: 6 | S96: 12-36 | U96: Rebate | W96: DATE
A97: YAMAHA
A98: 99800 | B98: FZ _i (BP71 / BP72 / BP73) 50%DP | D98: =IF(C98>=1,(K98-C98)*(1+P98*$D$4/100)/$D$4+Q98+R98,"") | E98: =IF(C98>=1,(K98-C98)*(1+P98*$E$4/100)/$E$4+Q98+S98,"") | F98: =IF(C98>=1,(K98-C98)*(1+$P98*$F$4/100)/$F$4+Q98+S98, "") | G98: =IF(C98>=1, (K98-C98)*(1+$P98*$G$4/100)/$G$4+Q98+S98,"") | H98: =IF(C98>=1, (K98-C98)*(1+$P98*$H$4/100)/$H$4+Q98+S98, "") | I98: =IF(C98>=1, (K98-C98)*(1+$P98*$I$4/100)/$I$4+Q98+S98, "") | K98: 102231 | L98: 99800 | M98: =100610+1200 -> 101810 | N98: =101420+1200 -> 102620 | O98: =102231+1100 -> 103331 | P98: 2.17 | R98: 250 | S98: 125 | U98: 200 | V98: 100 | W98: 04/29/19
A99: 118000 | B99: NMAX(2DP5) 50%DP | D99: =IF(C99>=1,(K99-C99)*(1+P99*$D$4/100)/$D$4+Q99+R99,"") | E99: =IF(C99>=1,(K99-C99)*(1+P99*$E$4/100)/$E$4+Q99+S99,"") | F99: =IF(C99>=1,(K99-C99)*(1+$P99*$F$4/100)/$F$4+Q99+S99, "") | G99: =IF(C99>=1, (K99-C99)*(1+$P99*$G$4/100)/$G$4+Q99+S99,"") | H99: =IF(C99>=1, (K99-C99)*(1+$P99*$H$4/100)/$H$4+Q99+S99, "") | I99: =IF(C99>=1, (K99-C99)*(1+$P99*$I$4/100)/$I$4+Q99+S99, "") | K99: 122294 | L99: 118000 | M99: =119431+1200 -> 120631 | N99: =120862+1200 -> 122062 | O99: =122294+1100 -> 123394 | P99: 2.17 | R99: 250 | S99: 125 | U99: 200 | V99: 100
A100: 119000 | B100: NMAX(2DPA/2DPF) 50%DP | D100: =IF(C100>=1,(K100-C100)*(1+P100*$D$4/100)/$D$4+Q100+R100,"") | E100: =IF(C100>=1,(K100-C100)*(1+P100*$E$4/100)/$E$4+Q100+S100,"") | F100: =IF(C100>=1,(K100-C100)*(1+$P100*$F$4/100)/$F$4+Q100+S100, "") | G100: =IF(C100>=1, (K100-C100)*(1+$P100*$G$4/100)/$G$4+Q100+S100,"") | H100: =IF(C100>=1, (K100-C100)*(1+$P100*$H$4/100)/$H$4+Q100+S100, "") | I100: =IF(C100>=1, (K100-C100)*(1+$P100*$I$4/100)/$I$4+Q100+S100, "") | K100: 123294 | L100: 119000 | M100: =121391+240 -> 121631 | N100: =122822+240 -> 123062 | O100: =124154+240 -> 124394 | P100: 2.17 | R100: 250 | S100: 125 | U100: 200 | V100: 100 | W100: 10/06/18
A101: 109000 | B101: NMAX(2DPK) NEW 50%DP | D101: =IF(C101>=1,(K101-C101)*(1+P101*$D$4/100)/$D$4+Q101+R101,"") | E101: =IF(C101>=1,(K101-C101)*(1+P101*$E$4/100)/$E$4+Q101+S101,"") | F101: =IF(C101>=1,(K101-C101)*(1+$P101*$F$4/100)/$F$4+Q101+S101, "") | G101: =IF(C101>=1, (K101-C101)*(1+$P101*$G$4/100)/$G$4+Q101+S101,"") | H101: =IF(C101>=1, (K101-C101)*(1+$P101*$H$4/100)/$H$4+Q101+S101, "") | I101: =IF(C101>=1, (K101-C101)*(1+$P101*$I$4/100)/$I$4+Q101+S101, "") | K101: 113294 | L101: 109000 | M101: =110431+1200 -> 111631 | N101: =111862+1200 -> 113062 | O101: =113294+1100 -> 114394 | P101: 2.17 | R101: 250 | S101: 125 | U101: 200 | V101: 100 | W101: 03/04/2020 | X101: 2020-004
A102: 119900 | B102: NMAX(B6H5-010D/010E/010G/BKL3) 50%DP | D102: =IF(C102>=1,(K102-C102)*(1+P102*$D$4/100)/$D$4+Q102+R102,"") | E102: =IF(C102>=1,(K102-C102)*(1+P102*$E$4/100)/$E$4+Q102+S102,"") | F102: =IF(C102>=1,(K102-C102)*(1+$P102*$F$4/100)/$F$4+Q102+S102, "") | G102: =IF(C102>=1, (K102-C102)*(1+$P102*$G$4/100)/$G$4+Q102+S102,"") | H102: =IF(C102>=1, (K102-C102)*(1+$P102*$H$4/100)/$H$4+Q102+S102, "") | I102: =IF(C102>=1, (K102-C102)*(1+$P102*$I$4/100)/$I$4+Q102+S102, "") | K102: 124194 | L102: 119900 | M102: =121331+1200 -> 122531 | N102: =122762+1200 -> 123962 | O102: =124194+1100 -> 125294 | P102: 2.17 | R102: 250 | S102: 125 | U102: 200 | V102: 100 | W102: 03/02/21 | X102: MSD-21-015
A103: 134500 | B103: NMAX(B6H4-010D0010F/010G) 50%DP | D103: =IF(C103>=1,(K103-C103)*(1+P103*$D$4/100)/$D$4+Q103+R103,"") | E103: =IF(C103>=1,(K103-C103)*(1+P103*$E$4/100)/$E$4+Q103+S103,"") | F103: =IF(C103>=1,(K103-C103)*(1+$P103*$F$4/100)/$F$4+Q103+S103, "") | G103: =IF(C103>=1, (K103-C103)*(1+$P103*$G$4/100)/$G$4+Q103+S103,"") | H103: =IF(C103>=1, (K103-C103)*(1+$P103*$H$4/100)/$H$4+Q103+S103, "") | I103: =IF(C103>=1, (K103-C103)*(1+$P103*$I$4/100)/$I$4+Q103+S103, "") | K103: 137690 | L103: 134500 | M103: =135563+1200 -> 136763 | N103: =136626+1200 -> 137826 | O103: =137690+1100 -> 138790 | P103: 2.17 | R103: 250 | S103: 125 | U103: 200 | V103: 100 | W103: 07/24/20 | X103: 2020-027
...

Sheet FOR PRINT
A2: SMDI
A3: UPDATE: OCTBER 13, 2025 11:30 AM BY: I.T. DEPT.
A4: D.Price | B4: BRAND/MODEL | C4: DP | D4: 6 | E4: 12 | F4: 18 | G4: 24 | H4: 30 | I4: 36 | K4: LCP | L4: COD | M4: 30 Days | N4: 60 Days | O4: 90 Days | P4: I.R. ( + ) | R4: 6 | S4: 12-36 | U4: Rebate | W4: DATE | X4: MB
C5: BELOW
A6: SUZUKI
A7: 84900 | B7: ACCESS 125 (UZ125NEY) | C7: 20000 | D7: =IF(C7>=1,(K7-C7)*(1+P7*$D$4/100)/$D$4+Q7+R7,"") -> 12975.487 | E7: =IF(C7>=1,(K7-C7)*(1+P7*$E$4/100)/$E$4+Q7+S7,"") -> 7220.7369 | F7: =IF(C7>=1,(K7-C7)*(1+$P7*$F$4/100)/$F$4+Q7+S7, "") -> 5344.1536 | G7: =IF(C7>=1, (K7-C7)*(1+$P7*$G$4/100)/$G$4+Q7+S7,"") -> 4405.8619 | H7: =IF(C7>=1, (K7-C7)*(1+$P7*$H$4/100)/$H$4+Q7+S7, "") -> 3842.8869 | I7: =IF(C7>=1, (K7-C7)*(1+$P7*$I$4/100)/$I$4+Q7+S7, "") -> 3467.5702 | K7: 87557 | L7: 86454 | M7: =86822+1200 -> 88022 | N7: =87189+1200 -> 88389 | O7: =87557+1100 -> 88657 | P7: 2.17 | R7: 250 | S7: 125 | U7: 200 | V7: 100 | W7: 45918 | X7: MB-2025-042
A8: 93900 | B8: ACCESS 125 RIDE CONNECT EDITION (UZ125NES) | C8: 20000 | D8: =IF(C8>=1,(K8-C8)*(1+P8*$D$4/100)/$D$4+Q8+R8,"") -> 14721.646 | E8: =IF(C8>=1,(K8-C8)*(1+P8*$E$4/100)/$E$4+Q8+S8,"") -> 8194.3959 | F8: =IF(C8>=1,(K8-C8)*(1+$P8*$F$4/100)/$F$4+Q8+S8, "") -> 6060.3126 | G8: =IF(C8>=1, (K8-C8)*(1+$P8*$G$4/100)/$G$4+Q8+S8,"") -> 4993.2709 | H8: =IF(C8>=1, (K8-C8)*(1+$P8*$H$4/100)/$H$4+Q8+S8, "") -> 4353.0459 | I8: =IF(C8>=1, (K8-C8)*(1+$P8*$I$4/100)/$I$4+Q8+S8, "") -> 3926.2292 | K8: =96827 -> 96827 | L8: =95419 -> 95419 | M8: =95888+1200 -> 97088 | N8: =96358+1200 -> 97558 | O8: =96827+1100 -> 97927 | P8: 2.17 | R8: 250 | S8: 125 | U8: 200 | V8: 100 | W8: 45918 | X8: MB-2025-043
A9: 66900 | B9: ADDRESS (UK110NE/NZ/NX) | D9: =IF(C9>=1,(K9-C9)*(1+P9*$D$4/100)/$D$4+Q9+R9,"") | E9: =IF(C9>=1,(K9-C9)*(1+P9*$E$4/100)/$E$4+Q9+S9,"") | F9: =IF(C9>=1,(K9-C9)*(1+$P9*$F$4/100)/$F$4+Q9+S9, "") | G9: =IF(C9>=1, (K9-C9)*(1+$P9*$G$4/100)/$G$4+Q9+S9,"") | H9: =IF(C9>=1, (K9-C9)*(1+$P9*$H$4/100)/$H$4+Q9+S9, "") | I9: =IF(C9>=1, (K9-C9)*(1+$P9*$I$4/100)/$I$4+Q9+S9, "") | K9: 70694 | L9: 68026 | M9: =69875+240 -> 70115 | N9: =70764+240 -> 71004 | O9: =71554+240 -> 71794 | P9: 2.17 | R9: 250 | S9: 125 | U9: 200 | V9: 100
A10: 80400 | B10: AVENIS (UN125NE) | D10: =IF(C10>=1,(K10-C10)*(1+P10*$D$4/100)/$D$4+Q10+R10,"") | E10: =IF(C10>=1,(K10-C10)*(1+P10*$E$4/100)/$E$4+Q10+S10,"") | F10: =IF(C10>=1,(K10-C10)*(1+$P10*$F$4/100)/$F$4+Q10+S10, "") | G10: =IF(C10>=1, (K10-C10)*(1+$P10*$G$4/100)/$G$4+Q10+S10,"") | H10: =IF(C10>=1, (K10-C10)*(1+$P10*$H$4/100)/$H$4+Q10+S10, "") | I10: =IF(C10>=1, (K10-C10)*(1+$P10*$I$4/100)/$I$4+Q10+S10, "") | K10: =84878 -> 84878 | L10: =81499 -> 81499 | M10: =82625+1200 -> 83825 | N10: =83751+1200 -> 84951 | O10: =84878+1100 -> 85978 | P10: 2.17 | R10: 250 | S10: 125 | U10: 200 | V10: 100 | W10: 10/31/2023 | X10: MB-2023-113
A11: 83400 | B11: BURGMAN STREET (UB125 NMB / NMX / NM-9) | D11: =IF(C11>=1,(K11-C11)*(1+P11*$D$4/100)/$D$4+Q11+R11,"") | E11: =IF(C11>=1,(K11-C11)*(1+P11*$E$4/100)/$E$4+Q11+S11,"") | F11: =IF(C11>=1,(K11-C11)*(1+$P11*$F$4/100)/$F$4+Q11+S11, "") | G11: =IF(C11>=1, (K11-C11)*(1+$P11*$G$4/100)/$G$4+Q11+S11,"") | H11: =IF(C11>=1, (K11-C11)*(1+$P11*$H$4/100)/$H$4+Q11+S11, "") | I11: =IF(C11>=1, (K11-C11)*(1+$P11*$I$4/100)/$I$4+Q11+S11, "") | K11: =87306 -> 87306 | L11: =84432 -> 84432 | M11: =85390+1200 -> 86590 | N11: =86348+1200 -> 87548 | O11: =87306+1100 -> 88406 | P11: 2.17 | R11: 250 | S11: 125 | U11: 200 | V11: 100 | W11: 10/31/2023 | X11: MB-2023-114
A12: 92400 | B12: BURGMAN STREET 125 EX (UB125LNM) | D12: =IF(C12>=1,(K12-C12)*(1+P12*$D$4/100)/$D$4+Q12+R12,"") | E12: =IF(C12>=1,(K12-C12)*(1+P12*$E$4/100)/$E$4+Q12+S12,"") | F12: =IF(C12>=1,(K12-C12)*(1+$P12*$F$4/100)/$F$4+Q12+S12, "") | G12: =IF(C12>=1, (K12-C12)*(1+$P12*$G$4/100)/$G$4+Q12+S12,"") | H12: =IF(C12>=1, (K12-C12)*(1+$P12*$H$4/100)/$H$4+Q12+S12, "") | I12: =IF(C12>=1, (K12-C12)*(1+$P12*$I$4/100)/$I$4+Q12+S12, "") | K12: =95262 -> 95262 | L12: =92400 -> 92400 | M12: =93354+1200 -> 94554 | N12: =94308+1200 -> 95508 | O12: =95262+1100 -> 96362 | P12: 2.17 | R12: 250 | S12: 125 | U12: 200 | V12: 100 | W12: 04/14/2023 | X12: MB-2023-078
A13: 48900 | B13: GD110 | D13: =IF(C13>=1,(K13-C13)*(1+P13*$D$4/100)/$D$4+Q13+R13,"") | E13: =IF(C13>=1,(K13-C13)*(1+P13*$E$4/100)/$E$4+Q13+S13,"") | F13: =IF(C13>=1,(K13-C13)*(1+$P13*$F$4/100)/$F$4+Q13+S13, "") | G13: =IF(C13>=1, (K13-C13)*(1+$P13*$G$4/100)/$G$4+Q13+S13,"") | H13: =IF(C13>=1, (K13-C13)*(1+$P13*$H$4/100)/$H$4+Q13+S13, "") | I13: =IF(C13>=1, (K13-C13)*(1+$P13*$I$4/100)/$I$4+Q13+S13, "") | K13: 52555 | L13: 51573 | M13: =52800+60+240 -> 53100 | N13: =53127+60+240 -> 53427 | O13: =53355+60+240 -> 53655 | P13: 3 | R13: 250 | S13: 125 | U13: 500 | V13: 50
A14: 91900 | B14: GIXXER (GSX150RZA_fi) | D14: =IF(C14>=1,(K14-C14)*(1+P14*$D$4/100)/$D$4+Q14+R14,"") | E14: =IF(C14>=1,(K14-C14)*(1+P14*$E$4/100)/$E$4+Q14+S14,"") | F14: =IF(C14>=1,(K14-C14)*(1+$P14*$F$4/100)/$F$4+Q14+S14, "") | G14: =IF(C14>=1, (K14-C14)*(1+$P14*$G$4/100)/$G$4+Q14+S14,"") | H14: =IF(C14>=1, (K14-C14)*(1+$P14*$H$4/100)/$H$4+Q14+S14, "") | I14: =IF(C14>=1, (K14-C14)*(1+$P14*$I$4/100)/$I$4+Q14+S14, "") | K14: 94597 | L14: 92795 | M14: =93395+1200 -> 94595 | N14: =93996+1200 -> 95196 | O14: =94597+1100 -> 95697 | P14: 2.17 | R14: 250 | S14: 125 | U14: 200 | V14: 100
A15: 93900 | B15: GIXXER (GSX150RF ) | D15: =IF(C15>=1,(K15-C15)*(1+P15*$D$4/100)/$D$4+Q15+R15,"") | E15: =IF(C15>=1,(K15-C15)*(1+P15*$E$4/100)/$E$4+Q15+S15,"") | F15: =IF(C15>=1,(K15-C15)*(1+$P15*$F$4/100)/$F$4+Q15+S15, "") | G15: =IF(C15>=1, (K15-C15)*(1+$P15*$G$4/100)/$G$4+Q15+S15,"") | H15: =IF(C15>=1, (K15-C15)*(1+$P15*$H$4/100)/$H$4+Q15+S15, "") | I15: =IF(C15>=1, (K15-C15)*(1+$P15*$I$4/100)/$I$4+Q15+S15, "") | K15: 96597 | L15: 94795 | M15: =95395+1200 -> 96595 | N15: =95996+1200 -> 97196 | O15: =96597+1100 -> 97697 | P15: 2.17 | R15: 250 | S15: 125 | U15: 200 | V15: 100 | W15: 08/29/20 | X15: 2020-31
A16: 104900 | B16: GIXXER 150FI (GSX150RFZ / RF-6 / RF-8 ) 50% | D16: =IF(C16>=1,(K16-C16)*(1+P16*$D$4/100)/$D$4+Q16+R16,"") | E16: =IF(C16>=1,(K16-C16)*(1+P16*$E$4/100)/$E$4+Q16+S16,"") | F16: =IF(C16>=1,(K16-C16)*(1+$P16*$F$4/100)/$F$4+Q16+S16, "") | G16: =IF(C16>=1, (K16-C16)*(1+$P16*$G$4/100)/$G$4+Q16+S16,"") | H16: =IF(C16>=1, (K16-C16)*(1+$P16*$H$4/100)/$H$4+Q16+S16, "") | I16: =IF(C16>=1, (K16-C16)*(1+$P16*$I$4/100)/$I$4+Q16+S16, "") | K16: =108689 -> 108689 | L16: =106887 -> 106887 | M16: =107487+1200 -> 108687 | N16: =108088+1200 -> 109288 | O16: =108689+1100 -> 109789 | P16: 2.17 | R16: 250 | S16: 125 | U16: 200 | V16: 100 | W16: 10/31/2024 | X16: MB-MKTG2024-31
A17: 114900 | B17: GIXXER SF155 SPORTS FULL-FAIRED (GSX150FRFX-8/FRF-8) 50% | D17: =IF(C17>=1,(K17-C17)*(1+P17*$D$4/100)/$D$4+Q17+R17,"") | E17: =IF(C17>=1,(K17-C17)*(1+P17*$E$4/100)/$E$4+Q17+S17,"") | F17: =IF(C17>=1,(K17-C17)*(1+$P17*$F$4/100)/$F$4+Q17+S17, "") | G17: =IF(C17>=1, (K17-C17)*(1+$P17*$G$4/100)/$G$4+Q17+S17,"") | H17: =IF(C17>=1, (K17-C17)*(1+$P17*$H$4/100)/$H$4+Q17+S17, "") | I17: =IF(C17>=1, (K17-C17)*(1+$P17*$I$4/100)/$I$4+Q17+S17, "") | K17: 116878 | L17: =114900 -> 114900 | M17: =115560+1200 -> 116760 | N17: =116219+1200 -> 117419 | O17: =116878+1100 -> 117978 | P17: 2.17 | R17: 250 | S17: 125 | U17: 200 | V17: 100 | W17: 10/31/2024 | X17: MB-2024-030
A18: 192900 | B18: GIXXER SF250 (GSX250FRLX/FRLZ ) NEW 50% | D18: =IF(C18>=1,(K18-C18)*(1+P18*$D$4/100)/$D$4+Q18+R18,"") | E18: =IF(C18>=1,(K18-C18)*(1+P18*$E$4/100)/$E$4+Q18+S18,"") | F18: =IF(C18>=1,(K18-C18)*(1+$P18*$F$4/100)/$F$4+Q18+S18, "") | G18: =IF(C18>=1, (K18-C18)*(1+$P18*$G$4/100)/$G$4+Q18+S18,"") | H18: =IF(C18>=1, (K18-C18)*(1+$P18*$H$4/100)/$H$4+Q18+S18, "") | I18: =IF(C18>=1, (K18-C18)*(1+$P18*$I$4/100)/$I$4+Q18+S18, "") | K18: =200824 -> 200824 | L18: 193492 | M18: =195936+1200 -> 197136 | N18: =198380+1200 -> 199580 | O18: =200824+1100 -> 201924 | P18: 2.17 | R18: 250 | S18: 125 | U18: 500 | V18: 100 | W18: 10/31/2023 | X18: MB-2023-116
A19: 182900 | B19: GIXXER250 (GSX250RL / RL-6) NEW 50% | D19: =IF(C19>=1,(K19-C19)*(1+P19*$D$4/100)/$D$4+Q19+R19,"") | E19: =IF(C19>=1,(K19-C19)*(1+P19*$E$4/100)/$E$4+Q19+S19,"") | F19: =IF(C19>=1,(K19-C19)*(1+$P19*$F$4/100)/$F$4+Q19+S19, "") | G19: =IF(C19>=1, (K19-C19)*(1+$P19*$G$4/100)/$G$4+Q19+S19,"") | H19: =IF(C19>=1, (K19-C19)*(1+$P19*$H$4/100)/$H$4+Q19+S19, "") | I19: =IF(C19>=1, (K19-C19)*(1+$P19*$I$4/100)/$I$4+Q19+S19, "") | K19: =189492 -> 189492 | L19: =183492 -> 183492 | M19: =185425+1200 -> 186625 | N19: =187358+1200 -> 188558 | O19: =189292+1100 -> 190392 | P19: 2.17 | R19: 250 | S19: 125 | U19: 500 | V19: 100 | W19: 10/31/2023 | X19: MB-2023-117
A20: 156000 | B20: GSX - R150 50% DP | D20: =IF(C20>=1,(K20-C20)*(1+P20*$D$4/100)/$D$4+Q20+R20,"") | E20: =IF(C20>=1,(K20-C20)*(1+P20*$E$4/100)/$E$4+Q20+S20,"") | F20: =IF(C20>=1,(K20-C20)*(1+$P20*$F$4/100)/$F$4+Q20+S20, "") | G20: =IF(C20>=1, (K20-C20)*(1+$P20*$G$4/100)/$G$4+Q20+S20,"") | H20: =IF(C20>=1, (K20-C20)*(1+$P20*$H$4/100)/$H$4+Q20+S20, "") | I20: =IF(C20>=1, (K20-C20)*(1+$P20*$I$4/100)/$I$4+Q20+S20, "") | K20: 162285 | L20: 157777 | M20: 160239 | N20: =161742+260 -> 162002 | O20: =163145+260 -> 163405 | P20: 2.5 | R20: 250 | S20: 125 | U20: 300 | V20: 100
A21: 112800 | B21: GSX - S150 50% DP | D21: =IF(C21>=1,(K21-C21)*(1+P21*$D$4/100)/$D$4+Q21+R21,"") | E21: =IF(C21>=1,(K21-C21)*(1+P21*$E$4/100)/$E$4+Q21+S21,"") | F21: =IF(C21>=1,(K21-C21)*(1+$P21*$F$4/100)/$F$4+Q21+S21, "") | G21: =IF(C21>=1, (K21-C21)*(1+$P21*$G$4/100)/$G$4+Q21+S21,"") | H21: =IF(C21>=1, (K21-C21)*(1+$P21*$H$4/100)/$H$4+Q21+S21, "") | I21: =IF(C21>=1, (K21-C21)*(1+$P21*$I$4/100)/$I$4+Q21+S21, "") | K21: 119362 | L21: 116046 | M21: =118111+240 -> 118351 | N21: =119217+240 -> 119457 | O21: =120222+240 -> 120462 | P21: 2.5 | R21: 250 | S21: 125 | U21: 300 | V21: 100
A22: 133900 | B22: GSX - S150MFX 50% DP | D22: =IF(C22>=1,(K22-C22)*(1+P22*$D$4/100)/$D$4+Q22+R22,"") | E22: =IF(C22>=1,(K22-C22)*(1+P22*$E$4/100)/$E$4+Q22+S22,"") | F22: =IF(C22>=1,(K22-C22)*(1+$P22*$F$4/100)/$F$4+Q22+S22, "") | G22: =IF(C22>=1, (K22-C22)*(1+$P22*$G$4/100)/$G$4+Q22+S22,"") | H22: =IF(C22>=1, (K22-C22)*(1+$P22*$H$4/100)/$H$4+Q22+S22, "") | I22: =IF(C22>=1, (K22-C22)*(1+$P22*$I$4/100)/$I$4+Q22+S22, "") | K22: =139045 -> 139045 | L22: =134492 -> 134492 | M22: =136009+1200 -> 137209 | N22: =137527+1200 -> 138727 | O22: =139045+1100 -> 140145 | P22: 2.5 | R22: 250 | S22: 125 | U22: 300 | V22: 100 | W22: 03/01/2023 | X22: MB-2023-066
A23: 93900 | B23: RAIDER150 (FU150SCD2) | D23: =IF(C23>=1,(K23-C23)*(1+P23*$D$4/100)/$D$4+Q23+R23,"") | E23: =IF(C23>=1,(K23-C23)*(1+P23*$E$4/100)/$E$4+Q23+S23,"") | F23: =IF(C23>=1,(K23-C23)*(1+$P23*$F$4/100)/$F$4+Q23+S23, "") | G23: =IF(C23>=1, (K23-C23)*(1+$P23*$G$4/100)/$G$4+Q23+S23,"") | H23: =IF(C23>=1, (K23-C23)*(1+$P23*$H$4/100)/$H$4+Q23+S23, "") | I23: =IF(C23>=1, (K23-C23)*(1+$P23*$I$4/100)/$I$4+Q23+S23, "") | K23: 101703 | L23: 94600 | M23: =96968+1200 -> 98168 | N23: =99336+1200 -> 100536 | O23: =101703+1100 -> 102803 | P23: 3 | R23: 250 | S23: 125 | U23: 500 | V23: 100
A24: 95900 | B24: RAIDER150 (FU150SCD2)RELO&MGP ED. | D24: =IF(C24>=1,(K24-C24)*(1+P24*$D$4/100)/$D$4+Q24+R24,"") | E24: =IF(C24>=1,(K24-C24)*(1+P24*$E$4/100)/$E$4+Q24+S24,"") | F24: =IF(C24>=1,(K24-C24)*(1+$P24*$F$4/100)/$F$4+Q24+S24, "") | G24: =IF(C24>=1, (K24-C24)*(1+$P24*$G$4/100)/$G$4+Q24+S24,"") | H24: =IF(C24>=1, (K24-C24)*(1+$P24*$H$4/100)/$H$4+Q24+S24, "") | I24: =IF(C24>=1, (K24-C24)*(1+$P24*$I$4/100)/$I$4+Q24+S24, "") | K24: 103703 | L24: 93800 | M24: =99928+240 -> 100168 | N24: =102296+240 -> 102536 | O24: =104563+240 -> 104803 | P24: 2.17 | R24: 250 | S24: 125 | U24: 500 | V24: 100
A25: 96900 | B25: RAIDER150 (FU150DX2-MBLACK)NEW | D25: =IF(C25>=1,(K25-C25)*(1+P25*$D$4/100)/$D$4+Q25+R25,"") | E25: =IF(C25>=1,(K25-C25)*(1+P25*$E$4/100)/$E$4+Q25+S25,"") | F25: =IF(C25>=1,(K25-C25)*(1+$P25*$F$4/100)/$F$4+Q25+S25, "") | G25: =IF(C25>=1, (K25-C25)*(1+$P25*$G$4/100)/$G$4+Q25+S25,"") | H25: =IF(C25>=1, (K25-C25)*(1+$P25*$H$4/100)/$H$4+Q25+S25, "") | I25: =IF(C25>=1, (K25-C25)*(1+$P25*$I$4/100)/$I$4+Q25+S25, "") | K25: 104703 | L25: 97600 | M25: =99967+1200 -> 101167 | N25: =102335+1200 -> 103535 | O25: =104703+1100 -> 105803 | P25: 2.17 | R25: 250 | S25: 125 | U25: 500 | V25: 100
A26: 118400 | B26: RAIDER R150_fi (FU150 MFQ/MFJ/MFX/MFZ)50% | D26: =IF(C26>=1,(K26-C26)*(1+P26*$D$4/100)/$D$4+Q26+R26,"") | E26: =IF(C26>=1,(K26-C26)*(1+P26*$E$4/100)/$E$4+Q26+S26,"") | F26: =IF(C26>=1,(K26-C26)*(1+$P26*$F$4/100)/$F$4+Q26+S26, "") | G26: =IF(C26>=1, (K26-C26)*(1+$P26*$G$4/100)/$G$4+Q26+S26,"") | H26: =IF(C26>=1, (K26-C26)*(1+$P26*$H$4/100)/$H$4+Q26+S26, "") | I26: =IF(C26>=1, (K26-C26)*(1+$P26*$I$4/100)/$I$4+Q26+S26, "") | K26: =123210 -> 123210 | L26: =118992 -> 118992 | M26: =120398+1200 -> 121598 | N26: =121804+1200 -> 123004 | O26: =123210+1100 -> 124310 | P26: 2.17 | R26: 250 | S26: 125 | U26: 500 | V26: 100 | W26: 05/31/2023 | X26: MB-2023-091
A27: 121900 | B27: RAIDER R150_fi Rugged & Sport Edition(FU150 MFX-8/MFZ-8/MFS-8) 50% | D27: =IF(C27>=1,(K27-C27)*(1+P27*$D$4/100)/$D$4+Q27+R27,"") | E27: =IF(C27>=1,(K27-C27)*(1+P27*$E$4/100)/$E$4+Q27+S27,"") | F27: =IF(C27>=1,(K27-C27)*(1+$P27*$F$4/100)/$F$4+Q27+S27, "") | G27: =IF(C27>=1, (K27-C27)*(1+$P27*$G$4/100)/$G$4+Q27+S27,"") | H27: =IF(C27>=1, (K27-C27)*(1+$P27*$H$4/100)/$H$4+Q27+S27, "") | I27: =IF(C27>=1, (K27-C27)*(1+$P27*$I$4/100)/$I$4+Q27+S27, "") | K27: =126710 -> 126710 | L27: =122492 -> 122492 | M27: =123898+1200 -> 125098 | N27: =125304+1200 -> 126504 | O27: =126710+1100 -> 127810 | P27: 2.17 | R27: 250 | S27: 125 | U27: 500 | V27: 100 | W27: 07/01/2024 | X27: MB-2024-023
A28: 108900 | B28: RAIDER150 (FU150CD3-7)NEW | D28: =IF(C28>=1,(K28-C28)*(1+P28*$D$4/100)/$D$4+Q28+R28,"") | E28: =IF(C28>=1,(K28-C28)*(1+P28*$E$4/100)/$E$4+Q28+S28,"") | F28: =IF(C28>=1,(K28-C28)*(1+$P28*$F$4/100)/$F$4+Q28+S28, "") | G28: =IF(C28>=1, (K28-C28)*(1+$P28*$G$4/100)/$G$4+Q28+S28,"") | H28: =IF(C28>=1, (K28-C28)*(1+$P28*$H$4/100)/$H$4+Q28+S28, "") | I28: =IF(C28>=1, (K28-C28)*(1+$P28*$I$4/100)/$I$4+Q28+S28, "") | K28: =116765 -> 116765 | L28: =110072 -> 110072 | M28: =112303+1200 -> 113503 | N28: =114534+1200 -> 115734 | O28: =116765+1100 -> 117865 | P28: 2.17 | R28: 250 | S28: 125 | U28: 500 | V28: 100 | W28: 07/01/2024 | X28: MB-2024-022
A29: 106900 | B29: RAIDER150 (FU150DY3-MGP BLUE)NEW | D29: =IF(C29>=1,(K29-C29)*(1+P29*$D$4/100)/$D$4+Q29+R29,"") | E29: =IF(C29>=1,(K29-C29)*(1+P29*$E$4/100)/$E$4+Q29+S29,"") | F29: =IF(C29>=1,(K29-C29)*(1+$P29*$F$4/100)/$F$4+Q29+S29, "") | G29: =IF(C29>=1, (K29-C29)*(1+$P29*$G$4/100)/$G$4+Q29+S29,"") | H29: =IF(C29>=1, (K29-C29)*(1+$P29*$H$4/100)/$H$4+Q29+S29, "") | I29: =IF(C29>=1, (K29-C29)*(1+$P29*$I$4/100)/$I$4+Q29+S29, "") | K29: =114765 -> 114765 | L29: =108072 -> 108072 | M29: =110303+1200 -> 111503 | N29: =112534+1200 -> 113734 | O29: =114765+1100 -> 115865 | P29: 2.17 | R29: 250 | S29: 125 | U29: 500 | V29: 100 | W29: 10/31/2023 | X29: MB-2023-109
A30: 146400 | B30: RAIDER R150 PRO (FU150RL-9)NEW | C30: 50000 | D30: =IF(C30>=1,(K30-C30)*(1+P30*$D$4/100)/$D$4+Q30+R30,"") -> 19187.631 | E30: =IF(C30>=1,(K30-C30)*(1+P30*$E$4/100)/$E$4+Q30+S30,"") -> 10684.631 | F30: =IF(C30>=1,(K30-C30)*(1+$P30*$F$4/100)/$F$4+Q30+S30, "") -> 7891.9645 | G30: =IF(C30>=1, (K30-C30)*(1+$P30*$G$4/100)/$G$4+Q30+S30,"") -> 6495.6312 | H30: =IF(C30>=1, (K30-C30)*(1+$P30*$H$4/100)/$H$4+Q30+S30, "") -> 5657.8312 | I30: =IF(C30>=1, (K30-C30)*(1+$P30*$I$4/100)/$I$4+Q30+S30, "") -> 5099.2979 | K30: =150536 -> 150536 | L30: 146400 | M30: =147779+1200 -> 148979 | N30: =149157+1200 -> 150357 | O30: =150536+1100 -> 151636 | P30: 2.17 | R30: 250 | S30: 125 | U30: 500 | V30: 100 | W30: 10/13/2025 | X30: MB-2025-048
A31: 130000 | B31: RAIDER R150 BLADE EDITION (FU150RF-9)NEW | C31: 50000 | D31: =IF(C31>=1,(K31-C31)*(1+P31*$D$4/100)/$D$4+Q31+R31,"") -> 16175.083 | E31: =IF(C31>=1,(K31-C31)*(1+P31*$E$4/100)/$E$4+Q31+S31,"") -> 9004.8331 | F31: =IF(C31>=1,(K31-C31)*(1+$P31*$F$4/100)/$F$4+Q31+S31, "") -> 6656.4164 | G31: =IF(C31>=1, (K31-C31)*(1+$P31*$G$4/100)/$G$4+Q31+S31,"") -> 5482.2081 | H31: =IF(C31>=1, (K31-C31)*(1+$P31*$H$4/100)/$H$4+Q31+S31, "") -> 4777.6831 | I31: =IF(C31>=1, (K31-C31)*(1+$P31*$I$4/100)/$I$4+Q31+S31, "") -> 4307.9998 | K31: =134543 -> 134543 | L31: 130000 | M31: =131514+1200 -> 132714 | N31: =133029+1200 -> 134229 | O31: =134543+1100 -> 135643 | P31: 2.17 | R31: 250 | S31: 125 | U31: 500 | V31: 100 | W31: 10/13/2025 | X31: MB-2025-047
A32: 97900 | B32: RAIDER150 (FU150DX3-MBLK/MGRY)COMBAT | D32: =IF(C32>=1,(K32-C32)*(1+P32*$D$4/100)/$D$4+Q32+R32,"") | E32: =IF(C32>=1,(K32-C32)*(1+P32*$E$4/100)/$E$4+Q32+S32,"") | F32: =IF(C32>=1,(K32-C32)*(1+$P32*$F$4/100)/$F$4+Q32+S32, "") | G32: =IF(C32>=1, (K32-C32)*(1+$P32*$G$4/100)/$G$4+Q32+S32,"") | H32: =IF(C32>=1, (K32-C32)*(1+$P32*$H$4/100)/$H$4+Q32+S32, "") | I32: =IF(C32>=1, (K32-C32)*(1+$P32*$I$4/100)/$I$4+Q32+S32, "") | K32: 105173 | L32: 98480 | M32: =100711+1200 -> 101911 | N32: =102942+1200 -> 104142 | O32: =105173+1100 -> 106273 | P32: 2.17 | R32: 250 | S32: 125 | U32: 500 | V32: 100 | W32: 43890 | X32: MKTG20-01
A33: 60900 | B33: RAIDERJ110 (Mags) | D33: =IF(C33>=1,(K33-C33)*(1+P33*$D$4/100)/$D$4+Q33+R33,"") | E33: =IF(C33>=1,(K33-C33)*(1+P33*$E$4/100)/$E$4+Q33+S33,"") | F33: =IF(C33>=1,(K33-C33)*(1+$P33*$F$4/100)/$F$4+Q33+S33, "") | G33: =IF(C33>=1, (K33-C33)*(1+$P33*$G$4/100)/$G$4+Q33+S33,"") | H33: =IF(C33>=1, (K33-C33)*(1+$P33*$H$4/100)/$H$4+Q33+S33, "") | I33: =IF(C33>=1, (K33-C33)*(1+$P33*$I$4/100)/$I$4+Q33+S33, "") | K33: 65795 | L33: 62600 | M33: =64565+60+240 -> 64865 | N33: =65630+60+240 -> 65930 | O33: =66595+60+240 -> 66895 | P33: 3 | R33: 250 | S33: 125 | U33: 800 | V33: 100
A34: 64900 | B34: RAIDERJ115LB FI (Spoke) | D34: =IF(C34>=1,(K34-C34)*(1+P34*$D$4/100)/$D$4+Q34+R34,"") | E34: =IF(C34>=1,(K34-C34)*(1+P34*$E$4/100)/$E$4+Q34+S34,"") | F34: =IF(C34>=1,(K34-C34)*(1+$P34*$F$4/100)/$F$4+Q34+S34, "") | G34: =IF(C34>=1, (K34-C34)*(1+$P34*$G$4/100)/$G$4+Q34+S34,"") | H34: =IF(C34>=1, (K34-C34)*(1+$P34*$H$4/100)/$H$4+Q34+S34, "") | I34: =IF(C34>=1, (K34-C34)*(1+$P34*$I$4/100)/$I$4+Q34+S34, "") | K34: 68163 | L34: 66587 | M34: =68072+240 -> 68312 | N34: =68597+240 -> 68837 | O34: =69023+240 -> 69263 | P34: 3 | R34: 250 | S34: 125 | U34: 700 | V34: 100
A35: 69900 | B35: RAIDERJ115LE FI (MAGS) | D35: =IF(C35>=1,(K35-C35)*(1+P35*$D$4/100)/$D$4+Q35+R35,"") | E35: =IF(C35>=1,(K35-C35)*(1+P35*$E$4/100)/$E$4+Q35+S35,"") | F35: =IF(C35>=1,(K35-C35)*(1+$P35*$F$4/100)/$F$4+Q35+S35, "") | G35: =IF(C35>=1, (K35-C35)*(1+$P35*$G$4/100)/$G$4+Q35+S35,"") | H35: =IF(C35>=1, (K35-C35)*(1+$P35*$H$4/100)/$H$4+Q35+S35, "") | I35: =IF(C35>=1, (K35-C35)*(1+$P35*$I$4/100)/$I$4+Q35+S35, "") | K35: 72655 | L35: 71302 | M35: =71753+1200 -> 72953 | N35: =72204+1200 -> 73404 | O35: =72655+1100 -> 73755 | P35: 3 | R35: 250 | S35: 125 | U35: 700 | V35: 100
A36: 64900 | B36: RAIDERJ115LX ABLUE (Spokes)NEW | D36: =IF(C36>=1,(K36-C36)*(1+P36*$D$4/100)/$D$4+Q36+R36,"") | E36: =IF(C36>=1,(K36-C36)*(1+P36*$E$4/100)/$E$4+Q36+S36,"") | F36: =IF(C36>=1,(K36-C36)*(1+$P36*$F$4/100)/$F$4+Q36+S36, "") | G36: =IF(C36>=1, (K36-C36)*(1+$P36*$G$4/100)/$G$4+Q36+S36,"") | H36: =IF(C36>=1, (K36-C36)*(1+$P36*$H$4/100)/$H$4+Q36+S36, "") | I36: =IF(C36>=1, (K36-C36)*(1+$P36*$I$4/100)/$I$4+Q36+S36, "") | K36: 68163 | L36: 66587 | M36: =68072+240 -> 68312 | N36: =68597+240 -> 68837 | O36: =69023+240 -> 69263 | P36: 3 | R36: 250 | S36: 125 | U36: 700 | V36: 100
A37: 70900 | B37: RAIDERJ115LE MBLACK (Mags) NEW | D37: =IF(C37>=1,(K37-C37)*(1+P37*$D$4/100)/$D$4+Q37+R37,"") | E37: =IF(C37>=1,(K37-C37)*(1+P37*$E$4/100)/$E$4+Q37+S37,"") | F37: =IF(C37>=1,(K37-C37)*(1+$P37*$F$4/100)/$F$4+Q37+S37, "") | G37: =IF(C37>=1, (K37-C37)*(1+$P37*$G$4/100)/$G$4+Q37+S37,"") | H37: =IF(C37>=1, (K37-C37)*(1+$P37*$H$4/100)/$H$4+Q37+S37, "") | I37: =IF(C37>=1, (K37-C37)*(1+$P37*$I$4/100)/$I$4+Q37+S37, "") | K37: 73655 | L37: 72302 | M37: =72753+1200 -> 73953 | N37: =73204+1200 -> 74404 | O37: =73655+1100 -> 74755 | P37: 2.5 | R37: 250 | S37: 125 | U37: 600 | V37: 100
A38: 65900 | B38: RAIDERJ115LX MBLACK (Spokes)NEW | D38: =IF(C38>=1,(K38-C38)*(1+P38*$D$4/100)/$D$4+Q38+R38,"") | E38: =IF(C38>=1,(K38-C38)*(1+P38*$E$4/100)/$E$4+Q38+S38,"") | F38: =IF(C38>=1,(K38-C38)*(1+$P38*$F$4/100)/$F$4+Q38+S38, "") | G38: =IF(C38>=1, (K38-C38)*(1+$P38*$G$4/100)/$G$4+Q38+S38,"") | H38: =IF(C38>=1, (K38-C38)*(1+$P38*$H$4/100)/$H$4+Q38+S38, "") | I38: =IF(C38>=1, (K38-C38)*(1+$P38*$I$4/100)/$I$4+Q38+S38, "") | K38: 69481 | L38: 68157 | M38: =68598+1200 -> 69798 | N38: =69039+1200 -> 70239 | O38: =69481+1100 -> 70581 | P38: 2.5 | R38: 250 | S38: 125 | U38: 600 | V38: 100
A39: 67900 | B39: RAIDERJ115LX MOTO GP (Mags) NEW | D39: =IF(C39>=1,(K39-C39)*(1+P39*$D$4/100)/$D$4+Q39+R39,"") | E39: =IF(C39>=1,(K39-C39)*(1+P39*$E$4/100)/$E$4+Q39+S39,"") | F39: =IF(C39>=1,(K39-C39)*(1+$P39*$F$4/100)/$F$4+Q39+S39, "") | G39: =IF(C39>=1, (K39-C39)*(1+$P39*$G$4/100)/$G$4+Q39+S39,"") | H39: =IF(C39>=1, (K39-C39)*(1+$P39*$H$4/100)/$H$4+Q39+S39, "") | I39: =IF(C39>=1, (K39-C39)*(1+$P39*$I$4/100)/$I$4+Q39+S39, "") | K39: 71423 | L39: 70063 | M39: =70516+1200 -> 71716 | N39: =70969+1200 -> 72169 | O39: =71423+1100 -> 72523 | P39: 3 | R39: 250 | S39: 125 | U39: 700 | V39: 100
A40: 70900 | B40: RAIDER J CROSSOVER(FJ110LB2) | D40: =IF(C40>=1,(K40-C40)*(1+P40*$D$4/100)/$D$4+Q40+R40,"") | E40: =IF(C40>=1,(K40-C40)*(1+P40*$E$4/100)/$E$4+Q40+S40,"") | F40: =IF(C40>=1,(K40-C40)*(1+$P40*$F$4/100)/$F$4+Q40+S40, "") | G40: =IF(C40>=1, (K40-C40)*(1+$P40*$G$4/100)/$G$4+Q40+S40,"") | H40: =IF(C40>=1, (K40-C40)*(1+$P40*$H$4/100)/$H$4+Q40+S40, "") | I40: =IF(C40>=1, (K40-C40)*(1+$P40*$I$4/100)/$I$4+Q40+S40, "") | K40: =74655 -> 74655 | L40: =73179 -> 73179 | M40: =73671+1200 -> 74871 | N40: =74163+1200 -> 75363 | O40: =74655+1100 -> 75755 | P40: 2.5 | R40: 250 | S40: 125 | U40: 600 | V40: 100 | W40: 07/01/2024 | X40: MB-2024-021
A41: 63900 | B41: SHOOTER FI (Mags/FV110LE) | D41: =IF(C41>=1,(K41-C41)*(1+P41*$D$4/100)/$D$4+Q41+R41,"") | E41: =IF(C41>=1,(K41-C41)*(1+P41*$E$4/100)/$E$4+Q41+S41,"") | F41: =IF(C41>=1,(K41-C41)*(1+$P41*$F$4/100)/$F$4+Q41+S41, "") | G41: =IF(C41>=1, (K41-C41)*(1+$P41*$G$4/100)/$G$4+Q41+S41,"") | H41: =IF(C41>=1, (K41-C41)*(1+$P41*$H$4/100)/$H$4+Q41+S41, "") | I41: =IF(C41>=1, (K41-C41)*(1+$P41*$I$4/100)/$I$4+Q41+S41, "") | K41: 68095 | L41: 65938 | M41: =67617+240 -> 67857 | N41: =68336+240 -> 68576 | O41: =68955+240 -> 69195 | P41: 2.17 | R41: 250 | S41: 125 | U41: 200 | V41: 50
A42: 58900 | B42: SHOOTER FI (Spoke/FV110LA) | D42: =IF(C42>=1,(K42-C42)*(1+P42*$D$4/100)/$D$4+Q42+R42,"") | E42: =IF(C42>=1,(K42-C42)*(1+P42*$E$4/100)/$E$4+Q42+S42,"") | F42: =IF(C42>=1,(K42-C42)*(1+$P42*$F$4/100)/$F$4+Q42+S42, "") | G42: =IF(C42>=1, (K42-C42)*(1+$P42*$G$4/100)/$G$4+Q42+S42,"") | H42: =IF(C42>=1, (K42-C42)*(1+$P42*$H$4/100)/$H$4+Q42+S42, "") | I42: =IF(C42>=1, (K42-C42)*(1+$P42*$I$4/100)/$I$4+Q42+S42, "") | K42: 62795 | L42: 61252 | M42: =62726+240 -> 62966 | N42: =63240+240 -> 63480 | O42: =63655+240 -> 63895 | P42: 2.17 | R42: 250 | S42: 125 | U42: 200 | V42: 50
A43: 70900 | B43: SKYDRIVE (UK125) | D43: =IF(C43>=1,(K43-C43)*(1+P43*$D$4/100)/$D$4+Q43+R43,"") | E43: =IF(C43>=1,(K43-C43)*(1+P43*$E$4/100)/$E$4+Q43+S43,"") | F43: =IF(C43>=1,(K43-C43)*(1+$P43*$F$4/100)/$F$4+Q43+S43, "") | G43: =IF(C43>=1, (K43-C43)*(1+$P43*$G$4/100)/$G$4+Q43+S43,"") | H43: =IF(C43>=1, (K43-C43)*(1+$P43*$H$4/100)/$H$4+Q43+S43, "") | I43: =IF(C43>=1, (K43-C43)*(1+$P43*$I$4/100)/$I$4+Q43+S43, "") | K43: 76195 | L43: 73350 | M43: =75199+60+240 -> 75499 | N43: =76147+60+240 -> 76447 | O43: =76995+60+240 -> 77295 | P43: 2.17 | R43: 250 | S43: 125 | U43: 500 | V43: 50
A44: 78900 | B44: SKYDRIVE125_fi (UK125FSC) | D44: =IF(C44>=1,(K44-C44)*(1+P44*$D$4/100)/$D$4+Q44+R44,"") | E44: =IF(C44>=1,(K44-C44)*(1+P44*$E$4/100)/$E$4+Q44+S44,"") | F44: =IF(C44>=1,(K44-C44)*(1+$P44*$F$4/100)/$F$4+Q44+S44, "") | G44: =IF(C44>=1, (K44-C44)*(1+$P44*$G$4/100)/$G$4+Q44+S44,"") | H44: =IF(C44>=1, (K44-C44)*(1+$P44*$H$4/100)/$H$4+Q44+S44, "") | I44: =IF(C44>=1, (K44-C44)*(1+$P44*$I$4/100)/$I$4+Q44+S44, "") | K44: 82820 | L44: 78900 | M44: =81166+240 -> 81406 | N44: =82473+240 -> 82713 | O44: =83680+240 -> 83920 | P44: 2.17 | R44: 250 | S44: 125 | U44: 200 | V44: 50
A45: 71900 | B45: SKYDRIVESPORT(UX110NE/NZ) | D45: =IF(C45>=1,(K45-C45)*(1+P45*$D$4/100)/$D$4+Q45+R45,"") | E45: =IF(C45>=1,(K45-C45)*(1+P45*$E$4/100)/$E$4+Q45+S45,"") | F45: =IF(C45>=1,(K45-C45)*(1+$P45*$F$4/100)/$F$4+Q45+S45, "") | G45: =IF(C45>=1, (K45-C45)*(1+$P45*$G$4/100)/$G$4+Q45+S45,"") | H45: =IF(C45>=1, (K45-C45)*(1+$P45*$H$4/100)/$H$4+Q45+S45, "") | I45: =IF(C45>=1, (K45-C45)*(1+$P45*$I$4/100)/$I$4+Q45+S45, "") | K45: =76057 -> 76057 | L45: =74696 -> 74696 | M45: =75149+1200 -> 76349 | N45: =75603+1200 -> 76803 | O45: =76057+1100 -> 77157 | P45: 2.17 | R45: 250 | S45: 125 | U45: 350 | V45: 100 | W45: 10/31/2023 | X45: MB-2023-111
A46: 72900 | B46: SKYDRIVESPORT FI (UX110NE-5B) | D46: =IF(C46>=1,(K46-C46)*(1+P46*$D$4/100)/$D$4+Q46+R46,"") | E46: =IF(C46>=1,(K46-C46)*(1+P46*$E$4/100)/$E$4+Q46+S46,"") | F46: =IF(C46>=1,(K46-C46)*(1+$P46*$F$4/100)/$F$4+Q46+S46, "") | G46: =IF(C46>=1, (K46-C46)*(1+$P46*$G$4/100)/$G$4+Q46+S46,"") | H46: =IF(C46>=1, (K46-C46)*(1+$P46*$H$4/100)/$H$4+Q46+S46, "") | I46: =IF(C46>=1, (K46-C46)*(1+$P46*$I$4/100)/$I$4+Q46+S46, "") | K46: =77057 -> 77057 | L46: =75696 -> 75696 | M46: =76149+1200 -> 77349 | N46: =76603+1200 -> 77803 | O46: =77057+1100 -> 78157 | P46: 2.17 | R46: 250 | S46: 125 | U46: 350 | V46: 100 | W46: 07/01/2024 | X46: MB-2024-024
A47: 73900 | B47: SKYDRIVE CROSSOVER (UX110NER) | D47: =IF(C47>=1,(K47-C47)*(1+P47*$D$4/100)/$D$4+Q47+R47,"") | E47: =IF(C47>=1,(K47-C47)*(1+P47*$E$4/100)/$E$4+Q47+S47,"") | F47: =IF(C47>=1,(K47-C47)*(1+$P47*$F$4/100)/$F$4+Q47+S47, "") | G47: =IF(C47>=1, (K47-C47)*(1+$P47*$G$4/100)/$G$4+Q47+S47,"") | H47: =IF(C47>=1, (K47-C47)*(1+$P47*$H$4/100)/$H$4+Q47+S47, "") | I47: =IF(C47>=1, (K47-C47)*(1+$P47*$I$4/100)/$I$4+Q47+S47, "") | K47: =76597 -> 76597 | L47: =75213 -> 75213 | M47: =75674+1200 -> 76874 | N47: =76135+1200 -> 77335 | O47: =76597+1100 -> 77697 | P47: 2.17 | R47: 250 | S47: 125 | U47: 350 | V47: 100 | W47: 07/31/2023 | X47: MB-2023-112
A48: 63400 | B48: SMASH115 SPOKES (FW110D-G/D-D1 ) F'DRUM/R'DRUM | D48: =IF(C48>=1,(K48-C48)*(1+P48*$D$4/100)/$D$4+Q48+R48,"") | E48: =IF(C48>=1,(K48-C48)*(1+P48*$E$4/100)/$E$4+Q48+S48,"") | F48: =IF(C48>=1,(K48-C48)*(1+$P48*$F$4/100)/$F$4+Q48+S48, "") | G48: =IF(C48>=1, (K48-C48)*(1+$P48*$G$4/100)/$G$4+Q48+S48,"") | H48: =IF(C48>=1, (K48-C48)*(1+$P48*$H$4/100)/$H$4+Q48+S48, "") | I48: =IF(C48>=1, (K48-C48)*(1+$P48*$I$4/100)/$I$4+Q48+S48, "") | K48: =68087 -> 68087 | L48: =66544 -> 66544 | M48: =67058+1200 -> 68258 | N48: =67573+1200 -> 68773 | O48: =68087+1100 -> 69187 | P48: 2.5 | Q48: 200 | R48: 250 | S48: 125 | U48: 700 | V48: 100 | W48: 07/01/2024 | X48: MB-2024-017
A49: 61900 | B49: SMASH115 (FW110SD) F'DISC/R'DRUM | D49: =IF(C49>=1,(K49-C49)*(1+P49*$D$4/100)/$D$4+Q49+R49,"") | E49: =IF(C49>=1,(K49-C49)*(1+P49*$E$4/100)/$E$4+Q49+S49,"") | F49: =IF(C49>=1,(K49-C49)*(1+$P49*$F$4/100)/$F$4+Q49+S49, "") | G49: =IF(C49>=1, (K49-C49)*(1+$P49*$G$4/100)/$G$4+Q49+S49,"") | H49: =IF(C49>=1, (K49-C49)*(1+$P49*$H$4/100)/$H$4+Q49+S49, "") | I49: =IF(C49>=1, (K49-C49)*(1+$P49*$I$4/100)/$I$4+Q49+S49, "") | K49: 65651 | L49: 63803 | M49: 65619 | N49: 66235 | O49: 66751 | P49: 2.5 | Q49: 200 | R49: 250 | S49: 125 | U49: 500 | V49: 100 | W49: 03/04/20 | X49: 2020-002
A50: 68400 | B50: SMASH115 MAGS (FW110SC-D) F'DISC/R'DRUM | D50: =IF(C50>=1,(K50-C50)*(1+P50*$D$4/100)/$D$4+Q50+R50,"") | E50: =IF(C50>=1,(K50-C50)*(1+P50*$E$4/100)/$E$4+Q50+S50,"") | F50: =IF(C50>=1,(K50-C50)*(1+$P50*$F$4/100)/$F$4+Q50+S50, "") | G50: =IF(C50>=1, (K50-C50)*(1+$P50*$G$4/100)/$G$4+Q50+S50,"") | H50: =IF(C50>=1, (K50-C50)*(1+$P50*$H$4/100)/$H$4+Q50+S50, "") | I50: =IF(C50>=1, (K50-C50)*(1+$P50*$I$4/100)/$I$4+Q50+S50, "") | K50: =72743 -> 72743 | L50: =70895 -> 70895 | M50: =71511+1200 -> 72711 | N50: =72127+1200 -> 73327 | O50: =72743+1100 -> 73843 | P50: 2.5 | Q50: 200 | R50: 250 | S50: 125 | U50: 500 | V50: 100 | W50: 07/01/2024 | X50: MB-2024-018
A51: 67400 | B51: SMASH FI (FV110LA-B1) SPOKES/DRUM | D51: =IF(C51>=1,(K51-C51)*(1+P51*$D$4/100)/$D$4+Q51+R51,"") | E51: =IF(C51>=1,(K51-C51)*(1+P51*$E$4/100)/$E$4+Q51+S51,"") | F51: =IF(C51>=1,(K51-C51)*(1+$P51*$F$4/100)/$F$4+Q51+S51, "") | G51: =IF(C51>=1, (K51-C51)*(1+$P51*$G$4/100)/$G$4+Q51+S51,"") | H51: =IF(C51>=1, (K51-C51)*(1+$P51*$H$4/100)/$H$4+Q51+S51, "") | I51: =IF(C51>=1, (K51-C51)*(1+$P51*$I$4/100)/$I$4+Q51+S51, "") | K51: =72087 -> 72087 | L51: =70544 -> 70544 | M51: =71058+1200 -> 72258 | N51: =71572+1200 -> 72772 | O51: =72087+1100 -> 73187 | P51: 2.5 | Q51: 200 | R51: 250 | S51: 125 | U51: 500 | V51: 100 | W51: 07/01/2024 | X51: MB-2024-019
A52: 72400 | B52: SMASH FI (FV110LE-B1) MAGS/DISC | D52: =IF(C52>=1,(K52-C52)*(1+P52*$D$4/100)/$D$4+Q52+R52,"") | E52: =IF(C52>=1,(K52-C52)*(1+P52*$E$4/100)/$E$4+Q52+S52,"") | F52: =IF(C52>=1,(K52-C52)*(1+$P52*$F$4/100)/$F$4+Q52+S52, "") | G52: =IF(C52>=1, (K52-C52)*(1+$P52*$G$4/100)/$G$4+Q52+S52,"") | H52: =IF(C52>=1, (K52-C52)*(1+$P52*$H$4/100)/$H$4+Q52+S52, "") | I52: =IF(C52>=1, (K52-C52)*(1+$P52*$I$4/100)/$I$4+Q52+S52, "") | K52: =76743 -> 76743 | L52: =74895 -> 74895 | M52: =75511+1200 -> 76711 | N52: =76127+1200 -> 77327 | O52: =76743+1100 -> 77843 | P52: 2.5 | Q52: 200 | R52: 250 | S52: 125 | U52: 500 | V52: 100 | W52: 07/01/2024 | X52: MB-2024-020
A53: 65900 | B53: STEP125 (Spoke) | D53: =IF(C53>=1,(K53-C53)*(1+P53*$D$4/100)/$D$4+Q53+R53,"") | E53: =IF(C53>=1,(K53-C53)*(1+P53*$E$4/100)/$E$4+Q53+S53,"") | F53: =IF(C53>=1,(K53-C53)*(1+$P53*$F$4/100)/$F$4+Q53+S53, "") | G53: =IF(C53>=1, (K53-C53)*(1+$P53*$G$4/100)/$G$4+Q53+S53,"") | H53: =IF(C53>=1, (K53-C53)*(1+$P53*$H$4/100)/$H$4+Q53+S53, "") | I53: =IF(C53>=1, (K53-C53)*(1+$P53*$I$4/100)/$I$4+Q53+S53, "") | K53: 71195 | L53: 68350 | M53: =70199+60+240 -> 70499 | N53: =71148+60+240 -> 71448 | O53: =71995+60+240 -> 72295 | P53: 2.17 | R53: 250 | S53: 125 | U53: 350 | V53: 100
A54: 229000 | B54: V-STROM250SX(DS250RL-1) (24 mos) 50% | D54: =IF(C54>=1,(K54-C54)*(1+P54*$D$4/100)/$D$4+Q54+R54,"") | E54: =IF(C54>=1,(K54-C54)*(1+P54*$E$4/100)/$E$4+Q54+S54,"") | F54: =IF(C54>=1,(K54-C54)*(1+$P54*$F$4/100)/$F$4+Q54+S54, "") | G54: =IF(C54>=1, (K54-C54)*(1+$P54*$G$4/100)/$G$4+Q54+S54,"") | K54: =233189 -> 233189 | L54: =229592 -> 229592 | M54: =230791+1200 -> 231991 | N54: =231990+1200 -> 233190 | O54: =233189+1100 -> 234289 | P54: 2.17 | R54: 250 | S54: 125 | U54: 500 | V54: 100 | W54: 03/02/2023 | X54: MB-2023-074
A56: D.Price | B56: BRAND/MODEL | C56: DP | D56: 6 | E56: 12 | F56: 18 | G56: 24 | H56: 30 | I56: 36 | K56: LCP | L56: COD | M56: 30 Days | N56: 60 Days | O56: 90 Days | P56: I.R. ( + ) | R56: 6 | S56: 12-36 | U56: Rebate | W56: DATE
A57: KAWASAKI
A58: 91000 | B58: Barako 175 II KICK START (BC175HHF/H-E380/HMFNN/MNFNN/MPFNN) | C58: 25000 | D58: =IF(C58>=1,(K58-C58)*(1+P58*$D$4/100)/$D$4+Q58+R58,"") -> 13558.105 | E58: =IF(C58>=1,(K58-C58)*(1+P58*$E$4/100)/$E$4+Q58+S58,"") -> 7545.605 | F58: =IF(C58>=1,(K58-C58)*(1+$P58*$F$4/100)/$F$4+Q58+S58, "") -> 5583.105 | G58: =IF(C58>=1, (K58-C58)*(1+$P58*$G$4/100)/$G$4+Q58+S58,"") -> 4601.855 | H58: =IF(C58>=1, (K58-C58)*(1+$P58*$H$4/100)/$H$4+Q58+S58, "") -> 4013.105 | I58: =IF(C58>=1, (K58-C58)*(1+$P58*$I$4/100)/$I$4+Q58+S58, "") -> 3620.605 | K58: =95650 -> 95650 | L58: =93175 -> 93175 | M58: =94000+1200 -> 95200 | N58: =94825+1200 -> 96025 | O58: =95650+1100 -> 96750 | P58: 2.17 | R58: 250 | S58: 125 | U58: 350 | V58: 100 | W58: 04/27/2023 | X58: MB-2023-079
A59: 95000 | B59: Barako 175 II DUAL START (BC175J-D380 / JHF/ JMFNN / NNFNN/NPFNN) | D59: =IF(C59>=1,(K59-C59)*(1+P59*$D$4/100)/$D$4+Q59+R59,"") | E59: =IF(C59>=1,(K59-C59)*(1+P59*$E$4/100)/$E$4+Q59+S59,"") | F59: =IF(C59>=1,(K59-C59)*(1+$P59*$F$4/100)/$F$4+Q59+S59, "") | G59: =IF(C59>=1, (K59-C59)*(1+$P59*$G$4/100)/$G$4+Q59+S59,"") | H59: =IF(C59>=1, (K59-C59)*(1+$P59*$H$4/100)/$H$4+Q59+S59, "") | I59: =IF(C59>=1, (K59-C59)*(1+$P59*$I$4/100)/$I$4+Q59+S59, "") | K59: =99598 -> 99598 | L59: =97873 -> 97873 | M59: =98448+1200 -> 99648 | N59: =99023+1200 -> 100223 | O59: =99598+1100 -> 100698 | P59: 2.17 | R59: 250 | S59: 125 | U59: 350 | V59: 100 | W59: 04/27/2023 | X59: MB-2023-080
A60: 91500 | B60: Barako 175 II KICK START (BC175MSFNN) | C60: 20000 | D60: =IF(C60>=1,(K60-C60)*(1+P60*$D$4/100)/$D$4+Q60+R60,"") -> 14594.122 | E60: =IF(C60>=1,(K60-C60)*(1+P60*$E$4/100)/$E$4+Q60+S60,"") -> 8123.2883 | F60: =IF(C60>=1,(K60-C60)*(1+$P60*$F$4/100)/$F$4+Q60+S60, "") -> 6008.0106 | G60: =IF(C60>=1, (K60-C60)*(1+$P60*$G$4/100)/$G$4+Q60+S60,"") -> 4950.3717 | H60: =IF(C60>=1, (K60-C60)*(1+$P60*$H$4/100)/$H$4+Q60+S60, "") -> 4315.7883 | I60: =IF(C60>=1, (K60-C60)*(1+$P60*$I$4/100)/$I$4+Q60+S60, "") -> 3892.7328 | K60: =96150 -> 96150 | L60: =93675 -> 93675 | M60: =94500+1200 -> 95700 | N60: =95325+1200 -> 96525 | O60: =96150+1100 -> 97250 | P60: 2.17 | R60: 250 | S60: 125 | U60: 350 | V60: 100 | W60: 03/03/2025 | X60: MB-2025-005
A61: 95500 | B61: Barako 175 II DUAL START (BC175NSFNN) | C61: 20000 | D61: =IF(C61>=1,(K61-C61)*(1+P61*$D$4/100)/$D$4+Q61+R61,"") -> 15337.793 | E61: =IF(C61>=1,(K61-C61)*(1+P61*$E$4/100)/$E$4+Q61+S61,"") -> 8537.9599 | F61: =IF(C61>=1,(K61-C61)*(1+$P61*$F$4/100)/$F$4+Q61+S61, "") -> 6313.0155 | G61: =IF(C61>=1, (K61-C61)*(1+$P61*$G$4/100)/$G$4+Q61+S61,"") -> 5200.5433 | H61: =IF(C61>=1, (K61-C61)*(1+$P61*$H$4/100)/$H$4+Q61+S61, "") -> 4533.0599 | I61: =IF(C61>=1, (K61-C61)*(1+$P61*$I$4/100)/$I$4+Q61+S61, "") -> 4088.071 | K61: =100098 -> 100098 | L61: =98373 -> 98373 | M61: =98948+1200 -> 100148 | N61: =99523+1200 -> 100723 | O61: =100098+1100 -> 101198 | P61: 2.17 | R61: 250 | S61: 125 | U61: 350 | V61: 100 | W61: 03/03/2025 | X61: MB-2025-006
A62: 96500 | B62: BARAKO III KICK START (BC175KMFNN/KPFNN) | D62: =IF(C62>=1,(K62-C62)*(1+P62*$D$4/100)/$D$4+Q62+R62,"") | E62: =IF(C62>=1,(K62-C62)*(1+P62*$E$4/100)/$E$4+Q62+S62,"") | F62: =IF(C62>=1,(K62-C62)*(1+$P62*$F$4/100)/$F$4+Q62+S62, "") | G62: =IF(C62>=1, (K62-C62)*(1+$P62*$G$4/100)/$G$4+Q62+S62,"") | H62: =IF(C62>=1, (K62-C62)*(1+$P62*$H$4/100)/$H$4+Q62+S62, "") | I62: =IF(C62>=1, (K62-C62)*(1+$P62*$I$4/100)/$I$4+Q62+S62, "") | K62: =101150 -> 101150 | L62: =99179 -> 99179 | M62: =99836+1200 -> 101036 | N62: =100493+1200 -> 101693 | O62: =101150+1100 -> 102250 | P62: 2.17 | R62: 250 | S62: 125 | U62: 350 | V62: 100 | W62: 04/27/2023 | X62: MB-2023-081
A63: 101000 | B63: BARAKO III ELECTRIC START (BC175LMFNN/LPFNN/LSFNN) | C63: 35000 | D63: =IF(C63>=1,(K63-C63)*(1+P63*$D$4/100)/$D$4+Q63+R63,"") -> 13548.31 | E63: =IF(C63>=1,(K63-C63)*(1+P63*$E$4/100)/$E$4+Q63+S63,"") -> 7540.1433 | F63: =IF(C63>=1,(K63-C63)*(1+$P63*$F$4/100)/$F$4+Q63+S63, "") -> 5579.0877 | G63: =IF(C63>=1, (K63-C63)*(1+$P63*$G$4/100)/$G$4+Q63+S63,"") -> 4598.5599 | H63: =IF(C63>=1, (K63-C63)*(1+$P63*$H$4/100)/$H$4+Q63+S63, "") -> 4010.2433 | I63: =IF(C63>=1, (K63-C63)*(1+$P63*$I$4/100)/$I$4+Q63+S63, "") -> 3618.0322 | K63: =105598 -> 105598 | L63: =103873 -> 103873 | M63: =104448+1200 -> 105648 | N63: =105023+1200 -> 106223 | O63: =105598+1100 -> 106698 | P63: 2.17 | R63: 250 | S63: 125 | U63: 350 | V63: 100 | W63: 05/30/2025 | X63: MB-2025-022
A64: 75000 | B64: BRUSKY125 (SN125ZRFNN) | D64: =IF(C64>=1,(K64-C64)*(1+P64*$D$4/100)/$D$4+Q64+R64,"") | E64: =IF(C64>=1,(K64-C64)*(1+P64*$E$4/100)/$E$4+Q64+S64,"") | F64: =IF(C64>=1,(K64-C64)*(1+$P64*$F$4/100)/$F$4+Q64+S64, "") | G64: =IF(C64>=1, (K64-C64)*(1+$P64*$G$4/100)/$G$4+Q64+S64,"") | H64: =IF(C64>=1, (K64-C64)*(1+$P64*$H$4/100)/$H$4+Q64+S64, "") | I64: =IF(C64>=1, (K64-C64)*(1+$P64*$I$4/100)/$I$4+Q64+S64, "") | K64: =79722 -> 79722 | L64: =78204 -> 78204 | M64: =78710+1200 -> 79910 | N64: =79216+1200 -> 80416 | O64: =79722+1100 -> 80822 | P64: 2.17 | R64: 250 | S64: 125 | U64: 350 | V64: 100 | W64: 01/13/2025 | X64: MB-2025-001
A65: 47900 | B65: CT 100A / C (NEW) | D65: =IF(C65>=1,(K65-C65)*(1+P65*$D$4/100)/$D$4+Q65+R65,"") | E65: =IF(C65>=1,(K65-C65)*(1+P65*$E$4/100)/$E$4+Q65+S65,"") | F65: =IF(C65>=1,(K65-C65)*(1+$P65*$F$4/100)/$F$4+Q65+S65, "") | G65: =IF(C65>=1, (K65-C65)*(1+$P65*$G$4/100)/$G$4+Q65+S65,"") | H65: =IF(C65>=1, (K65-C65)*(1+$P65*$H$4/100)/$H$4+Q65+S65, "") | I65: =IF(C65>=1, (K65-C65)*(1+$P65*$I$4/100)/$I$4+Q65+S65, "") | K65: 53007 | L65: 51521 | M65: =52016+1200 -> 53216 | N65: =52511+1200 -> 53711 | O65: =53007+1100 -> 54107 | P65: 2.17 | R65: 250 | S65: 125 | U65: 200 | V65: 50 | W65: 07/15/20 | X65: CT100CA380
A66: 56700 | B66: CT 100 (CA100AA) | D66: =IF(C66>=1,(K66-C66)*(1+P66*$D$4/100)/$D$4+Q66+R66,"") | E66: =IF(C66>=1,(K66-C66)*(1+P66*$E$4/100)/$E$4+Q66+S66,"") | F66: =IF(C66>=1,(K66-C66)*(1+$P66*$F$4/100)/$F$4+Q66+S66, "") | G66: =IF(C66>=1, (K66-C66)*(1+$P66*$G$4/100)/$G$4+Q66+S66,"") | H66: =IF(C66>=1, (K66-C66)*(1+$P66*$H$4/100)/$H$4+Q66+S66, "") | I66: =IF(C66>=1, (K66-C66)*(1+$P66*$I$4/100)/$I$4+Q66+S66, "") | K66: 61807 | L66: 60321 | M66: =60816+1200 -> 62016 | N66: =61311+1200 -> 62511 | O66: =61807+1100 -> 62907 | P66: 2.17 | R66: 250 | S66: 125 | U66: 200 | V66: 50 | W66: 06/08/2024 | X66: MB-2024-016
A67: 41900 | B67: CT 100B | D67: =IF(C67>=1,(K67-C67)*(1+P67*$D$4/100)/$D$4+Q67+R67,"") | E67: =IF(C67>=1,(K67-C67)*(1+P67*$E$4/100)/$E$4+Q67+S67,"") | F67: =IF(C67>=1,(K67-C67)*(1+$P67*$F$4/100)/$F$4+Q67+S67, "") | G67: =IF(C67>=1, (K67-C67)*(1+$P67*$G$4/100)/$G$4+Q67+S67,"") | H67: =IF(C67>=1, (K67-C67)*(1+$P67*$H$4/100)/$H$4+Q67+S67, "") | I67: =IF(C67>=1, (K67-C67)*(1+$P67*$I$4/100)/$I$4+Q67+S67, "") | K67: 48386 | L67: 46239 | M67: =46954+1200 -> 48154 | N67: =47671+1200 -> 48871 | O67: =48386+1100 -> 49486 | P67: 2.5 | R67: 250 | S67: 125 | U67: 200 | V67: 100 | W67: 43367
A68: 54200 | B68: CT 100BE (CT100B-E380/CT100BE)(NEW) | C68: 30000 | D68: =IF(C68>=1,(K68-C68)*(1+P68*$D$4/100)/$D$4+Q68+R68,"") -> 6131.4833 | E68: =IF(C68>=1,(K68-C68)*(1+P68*$E$4/100)/$E$4+Q68+S68,"") -> 3449.3167 | F68: =IF(C68>=1,(K68-C68)*(1+$P68*$F$4/100)/$F$4+Q68+S68, "") -> 2596.9278 | G68: =IF(C68>=1, (K68-C68)*(1+$P68*$G$4/100)/$G$4+Q68+S68,"") -> 2170.7333 | H68: =IF(C68>=1, (K68-C68)*(1+$P68*$H$4/100)/$H$4+Q68+S68, "") -> 1915.0167 | I68: =IF(C68>=1, (K68-C68)*(1+$P68*$I$4/100)/$I$4+Q68+S68, "") -> 1744.5389 | K68: =60686 -> 60686 | L68: =58539 -> 58539 | M68: =59254+1200 -> 60454 | N68: =59970+1200 -> 61170 | O68: =60686+1100 -> 61786 | P68: 2.5 | R68: 250 | S68: 125 | U68: 200 | V68: 100 | W68: 03/03/2024 | X68: MB-2025-007
A69: 56200 | B69: CT 100C (B380 / CT100CB) | D69: =IF(C69>=1,(K69-C69)*(1+P69*$D$4/100)/$D$4+Q69+R69,"") | E69: =IF(C69>=1,(K69-C69)*(1+P69*$E$4/100)/$E$4+Q69+S69,"") | F69: =IF(C69>=1,(K69-C69)*(1+$P69*$F$4/100)/$F$4+Q69+S69, "") | G69: =IF(C69>=1, (K69-C69)*(1+$P69*$G$4/100)/$G$4+Q69+S69,"") | H69: =IF(C69>=1, (K69-C69)*(1+$P69*$H$4/100)/$H$4+Q69+S69, "") | I69: =IF(C69>=1, (K69-C69)*(1+$P69*$I$4/100)/$I$4+Q69+S69, "") | K69: =61307 -> 61307 | L69: =59821 -> 59821 | M69: =60316+1200 -> 61516 | N69: =60811+1200 -> 62011 | O69: =61307+1100 -> 62407 | P69: 2.17 | R69: 250 | S69: 125 | U69: 200 | V69: 50 | W69: 12/01/2022 | X69: MB-2022-166
A70: 50900 | B70: CT 125 (CT125A-A380/CT125AA/CT125AC/CT125AD) | D70: =IF(C70>=1,(K70-C70)*(1+P70*$D$4/100)/$D$4+Q70+R70,"") | E70: =IF(C70>=1,(K70-C70)*(1+P70*$E$4/100)/$E$4+Q70+S70,"") | F70: =IF(C70>=1,(K70-C70)*(1+$P70*$F$4/100)/$F$4+Q70+S70, "") | G70: =IF(C70>=1, (K70-C70)*(1+$P70*$G$4/100)/$G$4+Q70+S70,"") | H70: =IF(C70>=1, (K70-C70)*(1+$P70*$H$4/100)/$H$4+Q70+S70, "") | I70: =IF(C70>=1, (K70-C70)*(1+$P70*$I$4/100)/$I$4+Q70+S70, "") | K70: 56724 | L70: 54664 | M70: =55350+1200 -> 56550 | N70: =56037+1200 -> 57237 | O70: =56724+1100 -> 57824 | P70: 2.17 | R70: 250 | S70: 125 | U70: 200 | V70: 50 | W70: 10/05/20 | X70: REGINA
A71: 58700 | B71: CT 125 (CT125A-E380 / CT125AE) | D71: =IF(C71>=1,(K71-C71)*(1+P71*$D$4/100)/$D$4+Q71+R71,"") | E71: =IF(C71>=1,(K71-C71)*(1+P71*$E$4/100)/$E$4+Q71+S71,"") | F71: =IF(C71>=1,(K71-C71)*(1+$P71*$F$4/100)/$F$4+Q71+S71, "") | G71: =IF(C71>=1, (K71-C71)*(1+$P71*$G$4/100)/$G$4+Q71+S71,"") | H71: =IF(C71>=1, (K71-C71)*(1+$P71*$H$4/100)/$H$4+Q71+S71, "") | I71: =IF(C71>=1, (K71-C71)*(1+$P71*$I$4/100)/$I$4+Q71+S71, "") | K71: =64524 -> 64524 | L71: =62464 -> 62464 | M71: =63150+1200 -> 64350 | N71: =63837+1200 -> 65037 | O71: =64524+1100 -> 65624 | P71: 2.17 | R71: 250 | S71: 125 | U71: 200 | V71: 50 | W71: 12/01/2022 | X71: MB-2022-167
A72: 52900 | B72: CT 150 AB | D72: =IF(C72>=1,(K72-C72)*(1+P72*$D$4/100)/$D$4+Q72+R72,"") | E72: =IF(C72>=1,(K72-C72)*(1+P72*$E$4/100)/$E$4+Q72+S72,"") | F72: =IF(C72>=1,(K72-C72)*(1+$P72*$F$4/100)/$F$4+Q72+S72, "") | G72: =IF(C72>=1, (K72-C72)*(1+$P72*$G$4/100)/$G$4+Q72+S72,"") | H72: =IF(C72>=1, (K72-C72)*(1+$P72*$H$4/100)/$H$4+Q72+S72, "") | I72: =IF(C72>=1, (K72-C72)*(1+$P72*$I$4/100)/$I$4+Q72+S72, "") | K72: 58362 | L72: 57269 | M72: =57633+1200 -> 58833 | N72: =57997+1200 -> 59197 | O72: =58362+1100 -> 59462 | P72: 2.17 | R72: 250 | S72: 125 | U72: 200 | V72: 100 | W72: 43367
A73: 69500 | B73: CT 150 B-A380/BA | C73: 30000 | D73: =IF(C73>=1,(K73-C73)*(1+P73*$D$4/100)/$D$4+Q73+R73,"") -> 8638.9095 | E73: =IF(C73>=1,(K73-C73)*(1+P73*$E$4/100)/$E$4+Q73+S73,"") -> 4802.6595 | F73: =IF(C73>=1,(K73-C73)*(1+$P73*$F$4/100)/$F$4+Q73+S73, "") -> 3565.5762 | G73: =IF(C73>=1, (K73-C73)*(1+$P73*$G$4/100)/$G$4+Q73+S73,"") -> 2947.0345 | H73: =IF(C73>=1, (K73-C73)*(1+$P73*$H$4/100)/$H$4+Q73+S73, "") -> 2575.9095 | I73: =IF(C73>=1, (K73-C73)*(1+$P73*$I$4/100)/$I$4+Q73+S73, "") -> 2328.4928 | K73: =74535 -> 74535 | L73: =73342 -> 73342 | M73: =73739+1200 -> 74939 | N73: =74137+1200 -> 75337 | O73: =74535+1100 -> 75635 | P73: 2.17 | R73: 250 | S73: 125 | U73: 200 | V73: 100 | W73: 03/03/2025 | X73: MB-2025-008
A74: 175000 | B74: DOMINAR 400 (D4004A-A380/400AA) 50% | D74: =IF(C74>=1,(K74-C74)*(1+P74*$D$4/100)/$D$4+Q74+R74,"") | E74: =IF(C74>=1,(K74-C74)*(1+P74*$E$4/100)/$E$4+Q74+S74,"") | F74: =IF(C74>=1,(K74-C74)*(1+$P74*$F$4/100)/$F$4+Q74+S74, "") | G74: =IF(C74>=1, (K74-C74)*(1+$P74*$G$4/100)/$G$4+Q74+S74,"") | H74: =IF(C74>=1, (K74-C74)*(1+$P74*$H$4/100)/$H$4+Q74+S74, "") | I74: =IF(C74>=1, (K74-C74)*(1+$P74*$I$4/100)/$I$4+Q74+S74, "") | K74: 179917 | L74: 176681 | M74: =177759+1200 -> 178959 | N74: =178837+1200 -> 180037 | O74: =179917+1100 -> 181017 | P74: 2.5 | R74: 250 | S74: 125 | U74: 350 | V74: 100 | W74: 01/24/19
A75: 199900 | B75: DOMINAR 400UG (D400B-A380/400BA) 50% | D75: =IF(C75>=1,(K75-C75)*(1+P75*$D$4/100)/$D$4+Q75+R75,"") | E75: =IF(C75>=1,(K75-C75)*(1+P75*$E$4/100)/$E$4+Q75+S75,"") | F75: =IF(C75>=1,(K75-C75)*(1+$P75*$F$4/100)/$F$4+Q75+S75, "") | G75: =IF(C75>=1, (K75-C75)*(1+$P75*$G$4/100)/$G$4+Q75+S75,"") | H75: =IF(C75>=1, (K75-C75)*(1+$P75*$H$4/100)/$H$4+Q75+S75, "") | I75: =IF(C75>=1, (K75-C75)*(1+$P75*$I$4/100)/$I$4+Q75+S75, "") | K75: 204817 | L75: 201581 | M75: =202659+1200 -> 203859 | N75: =203738+1200 -> 204938 | O75: =204817+1100 -> 205917 | P75: 2.5 | R75: 250 | S75: 125 | U75: 350 | V75: 100 | W75: 12/01/2022 | X75: MB-2022-173
A76: 208900 | B76: DOMINAR 400UG2 (D400AA) 50% | D76: =IF(C76>=1,(K76-C76)*(1+P76*$D$4/100)/$D$4+Q76+R76,"") | E76: =IF(C76>=1,(K76-C76)*(1+P76*$E$4/100)/$E$4+Q76+S76,"") | F76: =IF(C76>=1,(K76-C76)*(1+$P76*$F$4/100)/$F$4+Q76+S76, "") | G76: =IF(C76>=1, (K76-C76)*(1+$P76*$G$4/100)/$G$4+Q76+S76,"") | H76: =IF(C76>=1, (K76-C76)*(1+$P76*$H$4/100)/$H$4+Q76+S76, "") | I76: =IF(C76>=1, (K76-C76)*(1+$P76*$I$4/100)/$I$4+Q76+S76, "") | K76: =213817 -> 213817 | L76: =210581 -> 210581 | M76: =211659+1200 -> 212859 | N76: =212738+1200 -> 213938 | O76: =213817+1100 -> 214917 | P76: 2.5 | R76: 250 | S76: 125 | U76: 350 | V76: 100 | W76: 08/11/2023 | X76: MB-2023-100
A77: 65400 | B77: Fury 125E (AX125EHF/AX125EKF) Spokes | D77: =IF(C77>=1,(K77-C77)*(1+P77*$D$4/100)/$D$4+Q77+R77,"") | E77: =IF(C77>=1,(K77-C77)*(1+P77*$E$4/100)/$E$4+Q77+S77,"") | F77: =IF(C77>=1,(K77-C77)*(1+$P77*$F$4/100)/$F$4+Q77+S77, "") | G77: =IF(C77>=1, (K77-C77)*(1+$P77*$G$4/100)/$G$4+Q77+S77,"") | H77: =IF(C77>=1, (K77-C77)*(1+$P77*$H$4/100)/$H$4+Q77+S77, "") | I77: =IF(C77>=1, (K77-C77)*(1+$P77*$I$4/100)/$I$4+Q77+S77, "") | K77: 72744 | L77: 70062 | M77: =69956+1000+1200 -> 72156 | N77: =70850+1000+1200 -> 73050 | O77: =71744+1000+1100 -> 73844 | P77: 2.17 | R77: 250 | S77: 125 | U77: 400 | V77: 100 | W77: 03/20/19
A78: 75900 | B78: Fury 125F (AX125FFF/ AX125FGF) Mags | D78: =IF(C78>=1,(K78-C78)*(1+P78*$D$4/100)/$D$4+Q78+R78,"") | E78: =IF(C78>=1,(K78-C78)*(1+P78*$E$4/100)/$E$4+Q78+S78,"") | F78: =IF(C78>=1,(K78-C78)*(1+$P78*$F$4/100)/$F$4+Q78+S78, "") | G78: =IF(C78>=1, (K78-C78)*(1+$P78*$G$4/100)/$G$4+Q78+S78,"") | H78: =IF(C78>=1, (K78-C78)*(1+$P78*$H$4/100)/$H$4+Q78+S78, "") | I78: =IF(C78>=1, (K78-C78)*(1+$P78*$I$4/100)/$I$4+Q78+S78, "") | K78: 83244 | L78: 80562 | M78: =81456+1200 -> 82656 | N78: =82350+1200 -> 83550 | O78: =83244+1100 -> 84344 | P78: 2.17 | R78: 250 | S78: 125 | U78: 200 | V78: 100 | W78: 43773 | X78: 2019-024
A79: 150000 | B79: KLX140 (KLX140CNFNN) (2022) | L79: 150000 | W79: 45043 | X79: MB-2023-083
A80: 160000 | B80: KLX140 (KLX140CPFNN) (2023) | L80: 160000 | W80: 45043 | X80: MB-2023-084
A81: 122500 | B81: KLX150LW(KLX150J/JGF/JJF)(24 mos.50%) | D81: =IF(C81>=1,(K81-C81)*(1+P81*$D$4/100)/$D$4+Q81+R81,"") | E81: =IF(C81>=1,(K81-C81)*(1+P81*$E$4/100)/$E$4+Q81+S81,"") | F81: =IF(C81>=1,(K81-C81)*(1+$P81*$F$4/100)/$F$4+Q81+S81, "") | G81: =IF(C81>=1, (K81-C81)*(1+$P81*$G$4/100)/$G$4+Q81+S81,"") | K81: 127119 | L81: 127119 | M81: =128079+240 -> 128319 | N81: =128079+240 -> 128319 | O81: =128079+240 -> 128319 | P81: 2.5 | R81: 250 | S81: 125 | U81: 200 | V81: 100 | W81: 43869 | X81: REGINA
A82: 132400 | B82: KLX150BF(LX150F/ KLX150FMBBN)(24 mos. 50%) | D82: =IF(C82>=1,(K82-C82)*(1+P82*$D$4/100)/$D$4+Q82+R82,"") | E82: =IF(C82>=1,(K82-C82)*(1+P82*$E$4/100)/$E$4+Q82+S82,"") | F82: =IF(C82>=1,(K82-C82)*(1+$P82*$F$4/100)/$F$4+Q82+S82, "") | G82: =IF(C82>=1, (K82-C82)*(1+$P82*$G$4/100)/$G$4+Q82+S82,"") | K82: 134678 | L82: 134678 | M82: =L82 -> 134678 | N82: =L82 -> 134678 | O82: =L82+1200 -> 135878 | P82: 2.5 | R82: 250 | S82: 125 | U82: 200 | V82: 100 | W82: 06/01/2022 | X82: MB-2022-054
A83: 134900 | B83: KLX150 (KRAAN)(24 mos. 50%) | C83: 80000 | D83: =IF(C83>=1,(K83-C83)*(1+P83*$D$4/100)/$D$4+Q83+R83,"") -> 10972.584 | E83: =IF(C83>=1,(K83-C83)*(1+P83*$E$4/100)/$E$4+Q83+S83,"") -> 6103.9175 | F83: =IF(C83>=1,(K83-C83)*(1+$P83*$F$4/100)/$F$4+Q83+S83, "") -> 4522.6952 | G83: =IF(C83>=1, (K83-C83)*(1+$P83*$G$4/100)/$G$4+Q83+S83,"") -> 3732.0841 | K83: =136924 -> 136924 | L83: =134900 -> 134900 | M83: =135575+1200 -> 136775 | N83: =136249+1200 -> 137449 | O83: =136924+1100 -> 138024 | P83: 2.17 | R83: 250 | S83: 125 | U83: 200 | V83: 100 | W83: 02/26/2025 | X83: MB-2025-004
A84: 124900 | B84: KLX150S (LX150L )(24 mos. 50%) | C84: 80000 | D84: =IF(C84>=1,(K84-C84)*(1+P84*$D$4/100)/$D$4+Q84+R84,"") -> 9215.0167 | E84: =IF(C84>=1,(K84-C84)*(1+P84*$E$4/100)/$E$4+Q84+S84,"") -> 5192.1833 | F84: =IF(C84>=1,(K84-C84)*(1+$P84*$F$4/100)/$F$4+Q84+S84, "") -> 3892.9056 | G84: =IF(C84>=1, (K84-C84)*(1+$P84*$G$4/100)/$G$4+Q84+S84,"") -> 3243.2667 | K84: =126774 -> 126774 | L84: =124900 -> 124900 | M84: =125525+1200 -> 126725 | N84: =126149+1200 -> 127349 | O84: =126774+1100 -> 127874 | P84: 2.5 | R84: 250 | S84: 125 | U84: 200 | V84: 100 | W84: 03/10/2025 | X84: MB-2025-012
A85: 136900 | B85: KLX150 (LX150KTAAN)(24 mos. 50%) | C85: 80000 | D85: =IF(C85>=1,(K85-C85)*(1+P85*$D$4/100)/$D$4+Q85+R85,"") -> 11549.517 | E85: =IF(C85>=1,(K85-C85)*(1+P85*$E$4/100)/$E$4+Q85+S85,"") -> 6511.6833 | F85: =IF(C85>=1,(K85-C85)*(1+$P85*$F$4/100)/$F$4+Q85+S85, "") -> 4874.0722 | G85: =IF(C85>=1, (K85-C85)*(1+$P85*$G$4/100)/$G$4+Q85+S85,"") -> 4055.2667 | K85: =138954 -> 138954 | L85: =136900 -> 136900 | M85: =137585+1200 -> 138785 | N85: =138269+1200 -> 139469 | O85: =138954+1100 -> 140054 | P85: 2.5 | R85: 250 | S85: 125 | U85: 200 | V85: 100 | W85: 03/10/2025 | X85: MB-2025-011
A86: 149726 | B86: KLX140 (LX140CTFNN) | L86: 162000 | W86: 07/05/2025 | X86: MB-2025-026
A87: 92000 | B87: Rouser NS160 / NS160AB Higher DP NEW | D87: =IF(C87>=1,(K87-C87)*(1+P87*$D$4/100)/$D$4+Q87+R87,"") | E87: =IF(C87>=1,(K87-C87)*(1+P87*$E$4/100)/$E$4+Q87+S87,"") | F87: =IF(C87>=1,(K87-C87)*(1+$P87*$F$4/100)/$F$4+Q87+S87, "") | G87: =IF(C87>=1, (K87-C87)*(1+$P87*$G$4/100)/$G$4+Q87+S87,"") | H87: =IF(C87>=1, (K87-C87)*(1+$P87*$H$4/100)/$H$4+Q87+S87, "") | I87: =IF(C87>=1, (K87-C87)*(1+$P87*$I$4/100)/$I$4+Q87+S87, "") | K87: 97889 | L87: 95316 | M87: =96173+1200 -> 97373 | N87: =97031+1200 -> 98231 | O87: =97889+1100 -> 98989 | P87: 2.5 | R87: 250 | S87: 125 | U87: 300 | V87: 100 | W87: 02/08/20 | X87: 2020-001
A88: 99900 | B88: Rouser NS160AC (RNS160A-C380/RSN160AC/AD )Higher DP NEW | D88: =IF(C88>=1,(K88-C88)*(1+P88*$D$4/100)/$D$4+Q88+R88,"") | E88: =IF(C88>=1,(K88-C88)*(1+P88*$E$4/100)/$E$4+Q88+S88,"") | F88: =IF(C88>=1,(K88-C88)*(1+$P88*$F$4/100)/$F$4+Q88+S88, "") | G88: =IF(C88>=1, (K88-C88)*(1+$P88*$G$4/100)/$G$4+Q88+S88,"") | H88: =IF(C88>=1, (K88-C88)*(1+$P88*$H$4/100)/$H$4+Q88+S88, "") | I88: =IF(C88>=1, (K88-C88)*(1+$P88*$I$4/100)/$I$4+Q88+S88, "") | K88: =105789 -> 105789 | L88: =103216 -> 103216 | M88: =104073+1200 -> 105273 | N88: =104931+1200 -> 106131 | O88: =105789+1100 -> 106889 | P88: 2.5 | R88: 250 | S88: 125 | U88: 300 | V88: 100 | W88: 12/01/2022 | X88: MB-2022-170
A89: 129800 | B89: Rouser NS200 ABS (RNS200A-C380 / RNS200AC ) Higher DP | D89: =IF(C89>=1,(K89-C89)*(1+P89*$D$4/100)/$D$4+Q89+R89,"") | E89: =IF(C89>=1,(K89-C89)*(1+P89*$E$4/100)/$E$4+Q89+S89,"") | F89: =IF(C89>=1,(K89-C89)*(1+$P89*$F$4/100)/$F$4+Q89+S89, "") | G89: =IF(C89>=1, (K89-C89)*(1+$P89*$G$4/100)/$G$4+Q89+S89,"") | H89: =IF(C89>=1, (K89-C89)*(1+$P89*$H$4/100)/$H$4+Q89+S89, "") | I89: =IF(C89>=1, (K89-C89)*(1+$P89*$I$4/100)/$I$4+Q89+S89, "") | K89: =133989 -> 133989 | L89: =131700 -> 131700 | M89: =132463+1200 -> 133663 | N89: =133226+1200 -> 134426 | O89: =133989+1100 -> 135089 | P89: 2.5 | R89: 250 | S89: 125 | U89: 300 | V89: 100 | W89: 12/01/2022 | X89: MB-2022-171
A90: 99900 | B90: Rouser 200 NS (NEW 2017 ) 50%DP | D90: =IF(C90>=1,(K90-C90)*(1+P90*$D$4/100)/$D$4+Q90+R90,"") | E90: =IF(C90>=1,(K90-C90)*(1+P90*$E$4/100)/$E$4+Q90+S90,"") | F90: =IF(C90>=1,(K90-C90)*(1+$P90*$F$4/100)/$F$4+Q90+S90, "") | G90: =IF(C90>=1, (K90-C90)*(1+$P90*$G$4/100)/$G$4+Q90+S90,"") | H90: =IF(C90>=1, (K90-C90)*(1+$P90*$H$4/100)/$H$4+Q90+S90, "") | I90: =IF(C90>=1, (K90-C90)*(1+$P90*$I$4/100)/$I$4+Q90+S90, "") | K90: 106224 | L90: 102486 | M90: =104692+240 -> 104932 | N90: =105938+240 -> 106178 | O90: =107084+240 -> 107324 | P90: 2.5 | R90: 250 | S90: 125 | U90: 200 | V90: 100
A91: 125000 | B91: Rouser RS 200 (NEW 2017 ) 50%DP | D91: =IF(C91>=1,(K91-C91)*(1+P91*$D$4/100)/$D$4+Q91+R91,"") | E91: =IF(C91>=1,(K91-C91)*(1+P91*$E$4/100)/$E$4+Q91+S91,"") | F91: =IF(C91>=1,(K91-C91)*(1+$P91*$F$4/100)/$F$4+Q91+S91, "") | G91: =IF(C91>=1, (K91-C91)*(1+$P91*$G$4/100)/$G$4+Q91+S91,"") | H91: =IF(C91>=1, (K91-C91)*(1+$P91*$H$4/100)/$H$4+Q91+S91, "") | I91: =IF(C91>=1, (K91-C91)*(1+$P91*$I$4/100)/$I$4+Q91+S91, "") | K91: 130321 | L91: 127862 | M91: =129821+240 -> 130061 | N91: =130461+240 -> 130701 | O91: =131081+240 -> 131321 | P91: 2.5 | R91: 250 | S91: 125 | U91: 200 | V91: 100
A92: 149500 | B92: Rouser RS 200 (ABS/RRS200AD/AE ) Higher DP | D92: =IF(C92>=1,(K92-C92)*(1+P92*$D$4/100)/$D$4+Q92+R92,"") | E92: =IF(C92>=1,(K92-C92)*(1+P92*$E$4/100)/$E$4+Q92+S92,"") | F92: =IF(C92>=1,(K92-C92)*(1+$P92*$F$4/100)/$F$4+Q92+S92, "") | G92: =IF(C92>=1, (K92-C92)*(1+$P92*$G$4/100)/$G$4+Q92+S92,"") | H92: =IF(C92>=1, (K92-C92)*(1+$P92*$H$4/100)/$H$4+Q92+S92, "") | I92: =IF(C92>=1, (K92-C92)*(1+$P92*$I$4/100)/$I$4+Q92+S92, "") | K92: =153247 -> 153247 | L92: =149625 -> 149625 | M92: =150832+1200 -> 152032 | N92: =152039+1200 -> 153239 | O92: =153247+1100 -> 154347 | P92: 2.5 | R92: 250 | S92: 125 | U92: 300 | V92: 100 | W92: 12/01/2022 | X92: MB-2022-172
A93: 82000 | B93: Rouser NS Fi (RNS125-A380/NS125AA) | D93: =IF(C93>=1,(K93-C93)*(1+P93*$D$4/100)/$D$4+Q93+R93,"") | E93: =IF(C93>=1,(K93-C93)*(1+P93*$E$4/100)/$E$4+Q93+S93,"") | F93: =IF(C93>=1,(K93-C93)*(1+$P93*$F$4/100)/$F$4+Q93+S93, "") | G93: =IF(C93>=1, (K93-C93)*(1+$P93*$G$4/100)/$G$4+Q93+S93,"") | H93: =IF(C93>=1, (K93-C93)*(1+$P93*$H$4/100)/$H$4+Q93+S93, "") | I93: =IF(C93>=1, (K93-C93)*(1+$P93*$I$4/100)/$I$4+Q93+S93, "") | K93: =86668 -> 86668 | L93: =85379 -> 85379 | M93: =85808+1200 -> 87008 | N93: =86238+1200 -> 87438 | O93: =86668+1100 -> 87768 | P93: 2.5 | R93: 250 | S93: 125 | U93: 300 | V93: 100 | W93: 12/01/2022 | X93: MB-2022-169
A94: 104000 | B94: Rouser NS Fi (RNS200A-A380) | D94: =IF(C94>=1,(K94-C94)*(1+P94*$D$4/100)/$D$4+Q94+R94,"") | E94: =IF(C94>=1,(K94-C94)*(1+P94*$E$4/100)/$E$4+Q94+S94,"") | F94: =IF(C94>=1,(K94-C94)*(1+$P94*$F$4/100)/$F$4+Q94+S94, "") | G94: =IF(C94>=1, (K94-C94)*(1+$P94*$G$4/100)/$G$4+Q94+S94,"") | H94: =IF(C94>=1, (K94-C94)*(1+$P94*$H$4/100)/$H$4+Q94+S94, "") | I94: =IF(C94>=1, (K94-C94)*(1+$P94*$I$4/100)/$I$4+Q94+S94, "") | K94: 108635 | L94: =104000 -> 104000 | M94: =105545+1200 -> 106745 | N94: =107090+1200 -> 108290 | O94: =108635+1100 -> 109735 | P94: 2.5 | R94: 250 | S94: 125 | U94: 200 | V94: 100 | W94: 08/11/20 | X94: 2020-029
A96: D.Price | B96: BRAND/MODEL | C96: DP | D96: 6 | E96: 12 | F96: 18 | G96: 24 | H96: 30 | I96: 36 | K96: LCP | L96: COD | M96: 30 Days | N96: 60 Days | O96: 90 Days | P96: I.R. ( + ) | R96: 6 | S96: 12-36 | U96: Rebate | W96: DATE
A97: YAMAHA
A98: 99800 | B98: FZ _i (BP71 / BP72 / BP73) 50%DP | D98: =IF(C98>=1,(K98-C98)*(1+P98*$D$4/100)/$D$4+Q98+R98,"") | E98: =IF(C98>=1,(K98-C98)*(1+P98*$E$4/100)/$E$4+Q98+S98,"") | F98: =IF(C98>=1,(K98-C98)*(1+$P98*$F$4/100)/$F$4+Q98+S98, "") | G98: =IF(C98>=1, (K98-C98)*(1+$P98*$G$4/100)/$G$4+Q98+S98,"") | H98: =IF(C98>=1, (K98-C98)*(1+$P98*$H$4/100)/$H$4+Q98+S98, "") | I98: =IF(C98>=1, (K98-C98)*(1+$P98*$I$4/100)/$I$4+Q98+S98, "") | K98: 102231 | L98: 99800 | M98: =100610+1200 -> 101810 | N98: =101420+1200 -> 102620 | O98: =102231+1100 -> 103331 | P98: 2.17 | R98: 250 | S98: 125 | U98: 200 | V98: 100 | W98: 04/29/19
A99: 118000 | B99: NMAX(2DP5) 50%DP | D99: =IF(C99>=1,(K99-C99)*(1+P99*$D$4/100)/$D$4+Q99+R99,"") | E99: =IF(C99>=1,(K99-C99)*(1+P99*$E$4/100)/$E$4+Q99+S99,"") | F99: =IF(C99>=1,(K99-C99)*(1+$P99*$F$4/100)/$F$4+Q99+S99, "") | G99: =IF(C99>=1, (K99-C99)*(1+$P99*$G$4/100)/$G$4+Q99+S99,"") | H99: =IF(C99>=1, (K99-C99)*(1+$P99*$H$4/100)/$H$4+Q99+S99, "") | I99: =IF(C99>=1, (K99-C99)*(1+$P99*$I$4/100)/$I$4+Q99+S99, "") | K99: 122294 | L99: 118000 | M99: =119431+1200 -> 120631 | N99: =120862+1200 -> 122062 | O99: =122294+1100 -> 123394 | P99: 2.17 | R99: 250 | S99: 125 | U99: 200 | V99: 100
A100: 119000 | B100: NMAX(2DPA/2DPF) 50%DP | D100: =IF(C100>=1,(K100-C100)*(1+P100*$D$4/100)/$D$4+Q100+R100,"") | E100: =IF(C100>=1,(K100-C100)*(1+P100*$E$4/100)/$E$4+Q100+S100,"") | F100: =IF(C100>=1,(K100-C100)*(1+$P100*$F$4/100)/$F$4+Q100+S100, "") | G100: =IF(C100>=1, (K100-C100)*(1+$P100*$G$4/100)/$G$4+Q100+S100,"") | H100: =IF(C100>=1, (K100-C100)*(1+$P100*$H$4/100)/$H$4+Q100+S100, "") | I100: =IF(C100>=1, (K100-C100)*(1+$P100*$I$4/100)/$I$4+Q100+S100, "") | K100: 123294 | L100: 119000 | M100: =121391+240 -> 121631 | N100: =122822+240 -> 123062 | O100: =124154+240 -> 124394 | P100: 2.17 | R100: 250 | S100: 125 | U100: 200 | V100: 100 | W100: 10/06/18
A101: 109000 | B101: NMAX(2DPK) NEW 50%DP | D101: =IF(C101>=1,(K101-C101)*(1+P101*$D$4/100)/$D$4+Q101+R101,"") | E101: =IF(C101>=1,(K101-C101)*(1+P101*$E$4/100)/$E$4+Q101+S101,"") | F101: =IF(C101>=1,(K101-C101)*(1+$P101*$F$4/100)/$F$4+Q101+S101, "") | G101: =IF(C101>=1, (K101-C101)*(1+$P101*$G$4/100)/$G$4+Q101+S101,"") | H101: =IF(C101>=1, (K101-C101)*(1+$P101*$H$4/100)/$H$4+Q101+S101, "") | I101: =IF(C101>=1, (K101-C101)*(1+$P101*$I$4/100)/$I$4+Q101+S101, "") | K101: 113294 | L101: 109000 | M101: =110431+1200 -> 111631 | N101: =111862+1200 -> 113062 | O101: =113294+1100 -> 114394 | P101: 2.17 | R101: 250 | S101: 125 | U101: 200 | V101: 100 | W101: 03/04/2020 | X101: 2020-004
A102: 119900 | B102: NMAX(B6H5-010D/010E/010G/BKL3) 50%DP | D102: =IF(C102>=1,(K102-C102)*(1+P102*$D$4/100)/$D$4+Q102+R102,"") | E102: =IF(C102>=1,(K102-C102)*(1+P102*$E$4/100)/$E$4+Q102+S102,"") | F102: =IF(C102>=1,(K102-C102)*(1+$P102*$F$4/100)/$F$4+Q102+S102, "") | G102: =IF(C102>=1, (K102-C102)*(1+$P102*$G$4/100)/$G$4+Q102+S102,"") | H102: =IF(C102>=1, (K102-C102)*(1+$P102*$H$4/100)/$H$4+Q102+S102, "") | I102: =IF(C102>=1, (K102-C102)*(1+$P102*$I$4/100)/$I$4+Q102+S102, "") | K102: 124194 | L102: 119900 | M102: =121331+1200 -> 122531 | N102: =122762+1200 -> 123962 | O102: =124194+1100 -> 125294 | P102: 2.17 | R102: 250 | S102: 125 | U102: 200 | V102: 100 | W102: 03/02/21 | X102: MSD-21-015
A103: 134500 | B103: NMAX(B6H4-010D0010F/010G) 50%DP | D103: =IF(C103>=1,(K103-C103)*(1+P103*$D$4/100)/$D$4+Q103+R103,"") | E103: =IF(C103>=1,(K103-C103)*(1+P103*$E$4/100)/$E$4+Q103+S103,"") | F103: =IF(C103>=1,(K103-C103)*(1+$P103*$F$4/100)/$F$4+Q103+S103, "") | G103: =IF(C103>=1, (K103-C103)*(1+$P103*$G$4/100)/$G$4+Q103+S103,"") | H103: =IF(C103>=1, (K103-C103)*(1+$P103*$H$4/100)/$H$4+Q103+S103, "") | I103: =IF(C103>=1, (K103-C103)*(1+$P103*$I$4/100)/$I$4+Q103+S103, "") | K103: 137690 | L103: 134500 | M103: =135563+1200 -> 136763 | N103: =136626+1200 -> 137826 | O103: =137690+1100 -> 138790 | P103: 2.17 | R103: 250 | S103: 125 | U103: 200 | V103: 100 | W103: 07/24/20 | X103: 2020-027
...

Sheet OLD MODELS
A1: UPDATE: JANUARY 24, 2019 11:00 AM BY: AJF
A2: D.Price | B2: BRAND/MODEL | C2: DP | D2: 6 | E2: 12 | F2: 18 | G2: 24 | H2: 30 | I2: 36 | K2: LCP | L2: COD | M2: 30 Days | N2: 60 Days | O2: 90 Days | P2: I.R. ( + ) | S2: Rebate | U2: DATE
C3: BELOW
A4: SUZUKI
A5: 68900 | B5: AX4 (GA150DAJ) | C5: 1 | D5: =IF(C5>=1,(K5-C5)*(1+P5*PRICING!$D$4/100)/PRICING!$D$4+Q5,"") -> 13554.489 | E5: =IF(C5>=1,(K5-C5)*(1+P5*PRICING!$E$4/100)/PRICING!$E$4+Q5,"") -> 7557.9886 | F5: =IF(C5>=1,(K5-C5)*(1+$P5*PRICING!$F$4/100)/PRICING!$F$4+Q5, "") -> 5559.1553 | G5: =IF(C5>=1, (K5-C5)*(1+$P5*PRICING!$G$4/100)/PRICING!$G$4+Q5,"") -> 4559.7386 | H5: =IF(C5>=1, (K5-C5)*(1+$P5*PRICING!$H$4/100)/PRICING!$H$4+Q5, "") -> 3960.0886 | I5: =IF(C5>=1, (K5-C5)*(1+$P5*PRICING!$I$4/100)/PRICING!$I$4+Q5, "") -> 3560.3219 | K5: 71959 | L5: 69903 | M5: 71548 | N5: 72233 | O5: 72819 | P5: 2.17 | S5: 200 | T5: 100
A6: 89900 | B6: GIXXER (GSX150DEA) | C6: 1 | D6: =IF(C6>=1,(K6-C6)*(1+P6*$D$2/100)/$D$2+Q6,"") -> 17375.695 | E6: =IF(C6>=1,(K6-C6)*(1+P6*$E$2/100)/$E$2+Q6,"") -> 9688.6948 | F6: =IF(C6>=1,(K6-C6)*(1+$P6*$F$2/100)/$F$2+Q6, "") -> 7126.3615 | G6: =IF(C6>=1, (K6-C6)*(1+$P6*$G$2/100)/$G$2+Q6,"") -> 5845.1948 | H6: =IF(C6>=1, (K6-C6)*(1+$P6*$H$2/100)/$H$2+Q6, "") -> 5076.4948 | I6: =IF(C6>=1, (K6-C6)*(1+$P6*$I$2/100)/$I$2+Q6, "") -> 4564.0281 | K6: 92245 | L6: 90488 | M6: 92033 | N6: 92619 | O6: 93105 | P6: 2.17 | S6: 200 | T6: 100
A7: 75900 | B7: HAYATE125 | C7: 1 | D7: =IF(C7>=1,(K7-C7)*(1+P7*$D$2/100)/$D$2+Q7,"") -> 16590.667 | E7: =IF(C7>=1,(K7-C7)*(1+P7*$E$2/100)/$E$2+Q7,"") -> 9377.3333 | F7: =IF(C7>=1,(K7-C7)*(1+$P7*$F$2/100)/$F$2+Q7, "") -> 6972.8889 | G7: =IF(C7>=1, (K7-C7)*(1+$P7*$G$2/100)/$G$2+Q7,"") -> 5770.6667 | H7: =IF(C7>=1, (K7-C7)*(1+$P7*$H$2/100)/$H$2+Q7, "") -> 5049.3333 | I7: =IF(C7>=1, (K7-C7)*(1+$P7*$I$2/100)/$I$2+Q7, "") -> 4568.4444 | K7: 86561 | L7: 82845 | M7: =84984+60 -> 85044 | N7: =86223+60 -> 86283 | O7: =87361+60 -> 87421 | P7: 2.5 | S7: 400 | T7: 100
A8: 63100 | B8: MOLA125 | C8: 1 | D8: =IF(C8>=1,(K8-C8)*(1+P8*$D$2/100)/$D$2+Q8,"") -> 13186.475 | E8: =IF(C8>=1,(K8-C8)*(1+P8*$E$2/100)/$E$2+Q8,"") -> 7453.225 | F8: =IF(C8>=1,(K8-C8)*(1+$P8*$F$2/100)/$F$2+Q8, "") -> 5542.1417 | G8: =IF(C8>=1, (K8-C8)*(1+$P8*$G$2/100)/$G$2+Q8,"") -> 4586.6 | H8: =IF(C8>=1, (K8-C8)*(1+$P8*$H$2/100)/$H$2+Q8, "") -> 4013.275 | I8: =IF(C8>=1, (K8-C8)*(1+$P8*$I$2/100)/$I$2+Q8, "") -> 3631.0583 | K8: 68800 | L8: 66500 | M8: =68167+60 -> 68227 | N8: =68934+60 -> 68994 | O8: =69600+60 -> 69660 | P8: 2.5 | S8: 500 | T8: 100
A9: 61900 | B9: NEX115 | C9: 1 | D9: =IF(C9>=1,(K9-C9)*(1+P9*$D$2/100)/$D$2+Q9,"") -> 12261.54 | E9: =IF(C9>=1,(K9-C9)*(1+P9*$E$2/100)/$E$2+Q9,"") -> 6837.0398 | F9: =IF(C9>=1,(K9-C9)*(1+$P9*$F$2/100)/$F$2+Q9, "") -> 5028.8731 | G9: =IF(C9>=1, (K9-C9)*(1+$P9*$G$2/100)/$G$2+Q9,"") -> 4124.7898 | H9: =IF(C9>=1, (K9-C9)*(1+$P9*$H$2/100)/$H$2+Q9, "") -> 3582.3398 | I9: =IF(C9>=1, (K9-C9)*(1+$P9*$I$2/100)/$I$2+Q9, "") -> 3220.7065 | K9: 65095 | L9: 63897 | M9: =65196+60 -> 65256 | N9: =65595+60 -> 65655 | O9: =65895+60 -> 65955 | P9: 2.17 | S9: 200 | T9: 50
A10: 61900 | B10: RAIDERJ110 (Pro) | C10: 1 | D10: =IF(C10>=1,(K10-C10)*(1+P10*$D$2/100)/$D$2+Q10,"") -> 13116.487 | E10: =IF(C10>=1,(K10-C10)*(1+P10*$E$2/100)/$E$2+Q10,"") -> 7558.6533 | F10: =IF(C10>=1,(K10-C10)*(1+$P10*$F$2/100)/$F$2+Q10, "") -> 5706.0422 | G10: =IF(C10>=1, (K10-C10)*(1+$P10*$G$2/100)/$G$2+Q10,"") -> 4779.7367 | H10: =IF(C10>=1, (K10-C10)*(1+$P10*$H$2/100)/$H$2+Q10, "") -> 4223.9533 | I10: =IF(C10>=1, (K10-C10)*(1+$P10*$I$2/100)/$I$2+Q10, "") -> 3853.4311 | K10: 66695 | L10: 63500 | M10: =65465+60 -> 65525 | N10: =66530+60 -> 66590 | O10: =67495+60 -> 67555 | P10: 3 | S10: 800 | T10: 100
A11: 57900 | B11: RAIDERJ110 (SD) | C11: 1 | D11: =IF(C11>=1,(K11-C11)*(1+P11*PRICING!$D$4/100)/PRICING!$D$4+Q11,"") -> 12329.82 | E11: =IF(C11>=1,(K11-C11)*(1+P11*PRICING!$E$4/100)/PRICING!$E$4+Q11,"") -> 7105.32 | F11: =IF(C11>=1,(K11-C11)*(1+$P11*PRICING!$F$4/100)/PRICING!$F$4+Q11, "") -> 5363.82 | G11: =IF(C11>=1, (K11-C11)*(1+$P11*PRICING!$G$4/100)/PRICING!$G$4+Q11,"") -> 4493.07 | H11: =IF(C11>=1, (K11-C11)*(1+$P11*PRICING!$H$4/100)/PRICING!$H$4+Q11, "") -> 3970.62 | I11: =IF(C11>=1, (K11-C11)*(1+$P11*PRICING!$I$4/100)/PRICING!$I$4+Q11, "") -> 3622.32 | K11: 62695 | L11: 59500 | M11: =61465+60 -> 61525 | N11: =62530+60 -> 62590 | O11: =63495+60 -> 63555 | P11: 3 | S11: 300 | T11: 100
A12: 68900 | B12: SHOGUN PRO (FL125) | C12: 1 | D12: =IF(C12>=1,(K12-C12)*(1+P12*$D$2/100)/$D$2+Q12,"") -> 14223.71 | E12: =IF(C12>=1,(K12-C12)*(1+P12*$E$2/100)/$E$2+Q12,"") -> 8019.6266 | F12: =IF(C12>=1,(K12-C12)*(1+$P12*$F$2/100)/$F$2+Q12, "") -> 5951.5989 | G12: =IF(C12>=1, (K12-C12)*(1+$P12*$G$2/100)/$G$2+Q12,"") -> 4917.585 | H12: =IF(C12>=1, (K12-C12)*(1+$P12*$H$2/100)/$H$2+Q12, "") -> 4297.1766 | I12: =IF(C12>=1, (K12-C12)*(1+$P12*$I$2/100)/$I$2+Q12, "") -> 3883.5711 | K12: 74450 | L12: 71350 | M12: =73284+60 -> 73344 | N12: =74318+60 -> 74378 | O12: =75250+60 -> 75310 | P12: 2.17 | Q12: 200 | S12: 300 | T12: 50
A13: 60900 | B13: SMASH115 (Mags) | C13: 1 | D13: =IF(C13>=1,(K13-C13)*(1+P13*$D$2/100)/$D$2+Q13,"") -> 12676.35 | E13: =IF(C13>=1,(K13-C13)*(1+P13*$E$2/100)/$E$2+Q13,"") -> 7251.85 | F13: =IF(C13>=1,(K13-C13)*(1+$P13*$F$2/100)/$F$2+Q13, "") -> 5443.6833 | G13: =IF(C13>=1, (K13-C13)*(1+$P13*$G$2/100)/$G$2+Q13,"") -> 4539.6 | H13: =IF(C13>=1, (K13-C13)*(1+$P13*$H$2/100)/$H$2+Q13, "") -> 3997.15 | I13: =IF(C13>=1, (K13-C13)*(1+$P13*$I$2/100)/$I$2+Q13, "") -> 3635.5167 | K13: 65095 | L13: 62938 | M13: =64557+60 -> 64617 | N13: =65276+60 -> 65336 | O13: =65895+60 -> 65955 | P13: 2.5 | Q13: 200 | S13: 700 | T13: 100
A14: 67900 | B14: THUNDER125 | C14: 1 | D14: =IF(C14>=1,(K14-C14)*(1+P14*$D$2/100)/$D$2+Q14,"") -> 13320.642 | E14: =IF(C14>=1,(K14-C14)*(1+P14*$E$2/100)/$E$2+Q14,"") -> 7529.0583 | F14: =IF(C14>=1,(K14-C14)*(1+$P14*$F$2/100)/$F$2+Q14, "") -> 5598.5306 | G14: =IF(C14>=1, (K14-C14)*(1+$P14*$G$2/100)/$G$2+Q14,"") -> 4633.2667 | H14: =IF(C14>=1, (K14-C14)*(1+$P14*$H$2/100)/$H$2+Q14, "") -> 4054.1083 | I14: =IF(C14>=1, (K14-C14)*(1+$P14*$I$2/100)/$I$2+Q14, "") -> 3668.0028 | K14: 69500 | L14: 69500 | M14: =70400+60 -> 70460 | N14: =70400+60 -> 70460 | O14: =70300+60 -> 70360 | P14: 2.5 | S14: 350 | T14: 50
A15: 82900 | B15: HAYATE125 FI | C15: 1 | D15: =IF(C15>=1,(K15-C15)*(1+P15*PRICING!$D$4/100)/PRICING!$D$4+Q15,"") -> 16696.083 | E15: =IF(C15>=1,(K15-C15)*(1+P15*PRICING!$E$4/100)/PRICING!$E$4+Q15,"") -> 9436.9167 | F15: =IF(C15>=1,(K15-C15)*(1+$P15*PRICING!$F$4/100)/PRICING!$F$4+Q15, "") -> 7017.1944 | G15: =IF(C15>=1, (K15-C15)*(1+$P15*PRICING!$G$4/100)/PRICING!$G$4+Q15,"") -> 5807.3333 | H15: =IF(C15>=1, (K15-C15)*(1+$P15*PRICING!$H$4/100)/PRICING!$H$4+Q15, "") -> 5081.4167 | I15: =IF(C15>=1, (K15-C15)*(1+$P15*PRICING!$I$4/100)/PRICING!$I$4+Q15, "") -> 4597.4722 | K15: 87111 | L15: 84668 | M15: =86382+60 -> 86442 | N15: =87196+60 -> 87256 | O15: =87911+60 -> 87971 | P15: 2.5 | S15: 400 | T15: 100
A18: D.Price | B18: BRAND/MODEL | C18: DP | D18: 6 | E18: 12 | F18: 18 | G18: 24 | H18: 30 | I18: 36 | K18: LCP | L18: COD | M18: 30 Days | N18: 60 Days | O18: 90 Days | P18: I.R. ( + ) | S18: Rebate | U18: DATE
A19: KAWASAKI
A20: 55900 | B20: Aura Classic 125 | C20: 1 | D20: =IF(C20>=1,(K20-C20)*(1+P20*$D$2/100)/$D$2+Q20,"") -> 11940.42 | E20: =IF(C20>=1,(K20-C20)*(1+P20*$E$2/100)/$E$2+Q20,"") -> 6880.92 | F20: =IF(C20>=1,(K20-C20)*(1+$P20*$F$2/100)/$F$2+Q20, "") -> 5194.42 | G20: =IF(C20>=1, (K20-C20)*(1+$P20*$G$2/100)/$G$2+Q20,"") -> 4351.17 | H20: =IF(C20>=1, (K20-C20)*(1+$P20*$H$2/100)/$H$2+Q20, "") -> 3845.22 | I20: =IF(C20>=1, (K20-C20)*(1+$P20*$I$2/100)/$I$2+Q20, "") -> 3507.92 | K20: 60715 | L20: 58620 | M20: =60219+60 -> 60279 | N20: =60918+60 -> 60978 | O20: =61515+60 -> 61575 | P20: 3 | S20: 200 | T20: 100
A21: 97000 | B21: Avenger 220 | C21: 1 | D21: =IF(C21>=1,(K21-C21)*(1+P21*$D$2/100)/$D$2+Q21,"") -> 20000.992 | E21: =IF(C21>=1,(K21-C21)*(1+P21*$E$2/100)/$E$2+Q21,"") -> 11304.908 | F21: =IF(C21>=1,(K21-C21)*(1+$P21*$F$2/100)/$F$2+Q21, "") -> 8406.2139 | G21: =IF(C21>=1, (K21-C21)*(1+$P21*$G$2/100)/$G$2+Q21,"") -> 6956.8667 | H21: =IF(C21>=1, (K21-C21)*(1+$P21*$H$2/100)/$H$2+Q21, "") -> 6087.2583 | I21: =IF(C21>=1, (K21-C21)*(1+$P21*$I$2/100)/$I$2+Q21, "") -> 5507.5194 | K21: 104354 | L21: 100489 | M21: 102737 | N21: 104025 | O21: 105214 | P21: 2.5 | S21: 200 | T21: 100
A22: 83900 | B22: Barako 175 Elect./ Barako II | C22: 1 | D22: =IF(C22>=1,(K22-C22)*(1+P22*$D$2/100)/$D$2+Q22,"") -> 17352.35 | E22: =IF(C22>=1,(K22-C22)*(1+P22*$E$2/100)/$E$2+Q22,"") -> 9807.85 | F22: =IF(C22>=1,(K22-C22)*(1+$P22*$F$2/100)/$F$2+Q22, "") -> 7293.0167 | G22: =IF(C22>=1, (K22-C22)*(1+$P22*$G$2/100)/$G$2+Q22,"") -> 6035.6 | H22: =IF(C22>=1, (K22-C22)*(1+$P22*$H$2/100)/$H$2+Q22, "") -> 5281.15 | I22: =IF(C22>=1, (K22-C22)*(1+$P22*$I$2/100)/$I$2+Q22, "") -> 4778.1833 | K22: 90535 | L22: 86440 | M22: =87805+960 -> 88765 | N22: =89170+960 -> 90130 | O22: =90535+860 -> 91395 | P22: 2.5 | S22: 450 | T22: 100
A23: 79900 | B23: Barako 175 Kick | C23: 1 | D23: =IF(C23>=1,(K23-C23)*(1+P23*$D$2/100)/$D$2+Q23,"") -> 16546.392 | E23: =IF(C23>=1,(K23-C23)*(1+P23*$E$2/100)/$E$2+Q23,"") -> 9352.3083 | F23: =IF(C23>=1,(K23-C23)*(1+$P23*$F$2/100)/$F$2+Q23, "") -> 6954.2806 | G23: =IF(C23>=1, (K23-C23)*(1+$P23*$G$2/100)/$G$2+Q23,"") -> 5755.2667 | H23: =IF(C23>=1, (K23-C23)*(1+$P23*$H$2/100)/$H$2+Q23, "") -> 5035.8583 | I23: =IF(C23>=1, (K23-C23)*(1+$P23*$I$2/100)/$I$2+Q23, "") -> 4556.2528 | K23: 86330 | L23: 82235 | M23: =83600+960 -> 84560 | N23: =84965+960 -> 85925 | O23: =86330+860 -> 87190 | P23: 2.5 | S23: 450 | T23: 100
A24: 59000 | B24: Boxer 150 (Boxer) | C24: 1 | D24: =IF(C24>=1,(K24-C24)*(1+P24*$D$2/100)/$D$2+Q24,"") -> 12572.703 | E24: =IF(C24>=1,(K24-C24)*(1+P24*$E$2/100)/$E$2+Q24,"") -> 7245.2867 | F24: =IF(C24>=1,(K24-C24)*(1+$P24*$F$2/100)/$F$2+Q24, "") -> 5469.4811 | G24: =IF(C24>=1, (K24-C24)*(1+$P24*$G$2/100)/$G$2+Q24,"") -> 4581.5783 | H24: =IF(C24>=1, (K24-C24)*(1+$P24*$H$2/100)/$H$2+Q24, "") -> 4048.8367 | I24: =IF(C24>=1, (K24-C24)*(1+$P24*$I$2/100)/$I$2+Q24, "") -> 3693.6756 | K24: 63930 | L24: 63635 | M24: =64633+60 -> 64693 | N24: =64731+60 -> 64791 | O24: =64730+60 -> 64790 | P24: 3 | S24: 350 | T24: 50
A25: 49900 | B25: CT 100 | C25: 1 | D25: =IF(C25>=1,(K25-C25)*(1+P25*$D$2/100)/$D$2+Q25,"") -> 10783.037 | E25: =IF(C25>=1,(K25-C25)*(1+P25*$E$2/100)/$E$2+Q25,"") -> 6213.9533 | F25: =IF(C25>=1,(K25-C25)*(1+$P25*$F$2/100)/$F$2+Q25, "") -> 4690.9256 | G25: =IF(C25>=1, (K25-C25)*(1+$P25*$G$2/100)/$G$2+Q25,"") -> 3929.4117 | H25: =IF(C25>=1, (K25-C25)*(1+$P25*$H$2/100)/$H$2+Q25, "") -> 3472.5033 | I25: =IF(C25>=1, (K25-C25)*(1+$P25*$I$2/100)/$I$2+Q25, "") -> 3167.8978 | K25: 54830 | L25: 54535 | M25: =55534+60 -> 55594 | N25: =55633+60 -> 55693 | O25: =55630+60 -> 55690 | P25: 3 | S25: 500 | T25: 50
A26: 61900 | B26: Curve (SC115A) | C26: 1 | D26: =IF(C26>=1,(K26-C26)*(1+P26*$D$2/100)/$D$2+Q26,"") -> 12784.965 | E26: =IF(C26>=1,(K26-C26)*(1+P26*$E$2/100)/$E$2+Q26,"") -> 7217.382 | F26: =IF(C26>=1,(K26-C26)*(1+$P26*$F$2/100)/$F$2+Q26, "") -> 5361.5209 | G26: =IF(C26>=1, (K26-C26)*(1+$P26*$G$2/100)/$G$2+Q26,"") -> 4433.5904 | H26: =IF(C26>=1, (K26-C26)*(1+$P26*$H$2/100)/$H$2+Q26, "") -> 3876.832 | I26: =IF(C26>=1, (K26-C26)*(1+$P26*$I$2/100)/$I$2+Q26, "") -> 3505.6598 | K26: 66812 | L26: 65539 | M26: 66923 | N26: 67347 | O26: 67672 | P26: 2.17 | Q26: 200 | S26: 200 | T26: 100
A27: 130000 | B27: D Trackers 150 | C27: 1 | D27: =IF(C27>=1,(K27-C27)*(1+P27*$D$2/100)/$D$2+Q27,"") -> 26399.212 | E27: =IF(C27>=1,(K27-C27)*(1+P27*$E$2/100)/$E$2+Q27,"") -> 14720.212 | F27: =IF(C27>=1,(K27-C27)*(1+$P27*$F$2/100)/$F$2+Q27, "") -> 10827.212 | G27: =IF(C27>=1, (K27-C27)*(1+$P27*$G$2/100)/$G$2+Q27,"") -> 8880.7116 | H27: =IF(C27>=1, (K27-C27)*(1+$P27*$H$2/100)/$H$2+Q27, "") -> 7712.8116 | I27: =IF(C27>=1, (K27-C27)*(1+$P27*$I$2/100)/$I$2+Q27, "") -> 6934.2116 | K27: 140149 | L27: 135010 | M27: =137623+60 -> 137683 | N27: =139336+60 -> 139396 | O27: =140949+60 -> 141009 | P27: 2.17 | S27: 350 | T27: 100
A28: 62400 | B28: Fury 125 | C28: 1 | D28: =IF(C28>=1,(K28-C28)*(1+P28*$D$2/100)/$D$2+Q28,"") -> 13337.256 | E28: =IF(C28>=1,(K28-C28)*(1+P28*$E$2/100)/$E$2+Q28,"") -> 7525.3398 | F28: =IF(C28>=1,(K28-C28)*(1+$P28*$F$2/100)/$F$2+Q28, "") -> 5588.0342 | G28: =IF(C28>=1, (K28-C28)*(1+$P28*$G$2/100)/$G$2+Q28,"") -> 4619.3814 | H28: =IF(C28>=1, (K28-C28)*(1+$P28*$H$2/100)/$H$2+Q28, "") -> 4038.1898 | I28: =IF(C28>=1, (K28-C28)*(1+$P28*$I$2/100)/$I$2+Q28, "") -> 3650.7287 | K28: 69744 | L28: 67062 | M28: =68856+60 -> 68916 | N28: =69750+60 -> 69810 | O28: =70544+60 -> 70604 | P28: 2.17 | Q28: 200 | S28: 400 | T28: 100
A29: 115000 | B29: KLX 150 (24 mos. ONLY) | C29: 1 | D29: =IF(C29>=1,(K29-C29)*(1+P29*$D$2/100)/$D$2+Q29,"") -> 22926.783 | E29: =IF(C29>=1,(K29-C29)*(1+P29*$E$2/100)/$E$2+Q29,"") -> 12958.617 | F29: =IF(C29>=1,(K29-C29)*(1+$P29*$F$2/100)/$F$2+Q29, "") -> 9635.8944 | G29: =IF(C29>=1, (K29-C29)*(1+$P29*$G$2/100)/$G$2+Q29,"") -> 7974.5333 | K29: 119619 | L29: 119619 | M29: =120519+60 -> 120579 | N29: =120519+60 -> 120579 | O29: =120419+60 -> 120479 | P29: 2.5 | S29: 200 | T29: 100
A30: 103000 | B30: KSR110 (24 mos. ONLY) 50%DP | C30: 1 | D30: =IF(C30>=1,(K30-C30)*(1+P30*$D$2/100)/$D$2+Q30,"") -> 21364.508 | E30: =IF(C30>=1,(K30-C30)*(1+P30*$E$2/100)/$E$2+Q30,"") -> 12075.592 | F30: =IF(C30>=1,(K30-C30)*(1+$P30*$F$2/100)/$F$2+Q30, "") -> 8979.2861 | G30: =IF(C30>=1, (K30-C30)*(1+$P30*$G$2/100)/$G$2+Q30,"") -> 7431.1333 | K30: 111468 | L30: 108401 | M30: =110323+60 -> 110383 | N30: =111345+60 -> 111405 | O30: =112268+60 -> 112328 | P30: 2.5 | S30: 200 | T30: 100
A31: 77000 | B31: Rouser 150 (NS150) Higher DP NEW | C31: 1 | D31: =IF(C31>=1,(K31-C31)*(1+P31*$D$2/100)/$D$2+Q31,"") -> 15960.275 | E31: =IF(C31>=1,(K31-C31)*(1+P31*$E$2/100)/$E$2+Q31,"") -> 9021.025 | F31: =IF(C31>=1,(K31-C31)*(1+$P31*$F$2/100)/$F$2+Q31, "") -> 6707.9417 | G31: =IF(C31>=1, (K31-C31)*(1+$P31*$G$2/100)/$G$2+Q31,"") -> 5551.4 | H31: =IF(C31>=1, (K31-C31)*(1+$P31*$H$2/100)/$H$2+Q31, "") -> 4857.475 | I31: =IF(C31>=1, (K31-C31)*(1+$P31*$I$2/100)/$I$2+Q31, "") -> 4394.8583 | K31: 83272 | L31: 80159 | M31: =81196+960 -> 82156 | N31: =82234+960 -> 83194 | O31: =83272+860 -> 84132 | P31: 2.5 | S31: 350 | T31: 100
A32: 69500 | B32: Rouser 180 | C32: 1 | D32: =IF(C32>=1,(K32-C32)*(1+P32*$D$2/100)/$D$2+Q32,"") -> 14672.275 | E32: =IF(C32>=1,(K32-C32)*(1+P32*$E$2/100)/$E$2+Q32,"") -> 8293.025 | F32: =IF(C32>=1,(K32-C32)*(1+$P32*$F$2/100)/$F$2+Q32, "") -> 6166.6083 | G32: =IF(C32>=1, (K32-C32)*(1+$P32*$G$2/100)/$G$2+Q32,"") -> 5103.4 | H32: =IF(C32>=1, (K32-C32)*(1+$P32*$H$2/100)/$H$2+Q32, "") -> 4465.475 | I32: =IF(C32>=1, (K32-C32)*(1+$P32*$I$2/100)/$I$2+Q32, "") -> 4040.1917 | K32: 76552 | L32: 73792 | M32: 75672 | N32: 76592 | O32: 77412 | P32: 2.5 | S32: 350 | T32: 50
A33: 94900 | B33: Rouser 200 | C33: 1 | D33: =IF(C33>=1,(K33-C33)*(1+P33*$D$2/100)/$D$2+Q33,"") -> 19977.203 | E33: =IF(C33>=1,(K33-C33)*(1+P33*$E$2/100)/$E$2+Q33,"") -> 11512.287 | F33: =IF(C33>=1,(K33-C33)*(1+$P33*$F$2/100)/$F$2+Q33, "") -> 8690.6478 | G33: =IF(C33>=1, (K33-C33)*(1+$P33*$G$2/100)/$G$2+Q33,"") -> 7279.8283 | H33: =IF(C33>=1, (K33-C33)*(1+$P33*$H$2/100)/$H$2+Q33, "") -> 6433.3367 | I33: =IF(C33>=1, (K33-C33)*(1+$P33*$I$2/100)/$I$2+Q33, "") -> 5869.0089 | K33: 101580 | L33: 98733 | M33: =100582+60 -> 100642 | N33: =101531+60 -> 101591 | O33: =102380+60 -> 102440 | P33: 3 | S33: 300 | T33: 50
A34: 98000 | B34: Rouser 200 NS BR200A (NEW) | C34: 1 | D34: =IF(C34>=1,(K34-C34)*(1+P34*$D$2/100)/$D$2+Q34,"") -> 19995.242 | E34: =IF(C34>=1,(K34-C34)*(1+P34*$E$2/100)/$E$2+Q34,"") -> 11301.658 | F34: =IF(C34>=1,(K34-C34)*(1+$P34*$F$2/100)/$F$2+Q34, "") -> 8403.7972 | G34: =IF(C34>=1, (K34-C34)*(1+$P34*$G$2/100)/$G$2+Q34,"") -> 6954.8667 | H34: =IF(C34>=1, (K34-C34)*(1+$P34*$H$2/100)/$H$2+Q34, "") -> 6085.5083 | I34: =IF(C34>=1, (K34-C34)*(1+$P34*$I$2/100)/$I$2+Q34, "") -> 5505.9361 | K34: 104324 | L34: 100586 | M34: 102792 | N34: 104038 | O34: 105184 | P34: 2.5 | S34: 200 | T34: 100
A35: 103900 | B35: Rouser 220 | C35: 1 | D35: =IF(C35>=1,(K35-C35)*(1+P35*$D$2/100)/$D$2+Q35,"") -> 21747.203 | E35: =IF(C35>=1,(K35-C35)*(1+P35*$E$2/100)/$E$2+Q35,"") -> 12532.287 | F35: =IF(C35>=1,(K35-C35)*(1+$P35*$F$2/100)/$F$2+Q35, "") -> 9460.6478 | G35: =IF(C35>=1, (K35-C35)*(1+$P35*$G$2/100)/$G$2+Q35,"") -> 7924.8283 | H35: =IF(C35>=1, (K35-C35)*(1+$P35*$H$2/100)/$H$2+Q35, "") -> 7003.3367 | I35: =IF(C35>=1, (K35-C35)*(1+$P35*$I$2/100)/$I$2+Q35, "") -> 6389.0089 | K35: 110580 | L35: 107733 | M35: =109582+60 -> 109642 | N35: =110531+60 -> 110591 | O35: =111380+60 -> 111440 | P35: 3 | S35: 300 | T35: 50
A37: D.Price | B37: BRAND/MODEL | C37: DP | D37: 6 | E37: 12 | F37: 18 | G37: 24 | H37: 30 | I37: 36 | K37: LCP | L37: COD | M37: 30 Days | N37: 60 Days | O37: 90 Days | P37: I.R. ( + ) | S37: Rebate | U37: DATE
A38: HONDA
A39: 92900 | B39: ACG110CBFF (Zoomer X COMBI) | D39: =IF(C39>=1,(K39-C39)*(1+P39*PRICING!$D$4/100)/PRICING!$D$4+Q39,"") | E39: =IF(C39>=1,(K39-C39)*(1+P39*PRICING!$E$4/100)/PRICING!$E$4+Q39,"") | F39: =IF(C39>=1,(K39-C39)*(1+$P39*PRICING!$F$4/100)/PRICING!$F$4+Q39, "") | G39: =IF(C39>=1, (K39-C39)*(1+$P39*PRICING!$G$4/100)/PRICING!$G$4+Q39,"") | H39: =IF(C39>=1, (K39-C39)*(1+$P39*PRICING!$H$4/100)/PRICING!$H$4+Q39, "") | I39: =IF(C39>=1, (K39-C39)*(1+$P39*PRICING!$I$4/100)/PRICING!$I$4+Q39, "") | K39: 95529 | L39: 92900 | M39: 94736 | N39: 95512 | O39: 96389 | P39: 2.17 | S39: 200 | T39: 100
A40: 86900 | B40: ACG110CSF (Zoomer X) | C40: 1 | D40: =IF(C40>=1,(K40-C40)*(1+P40*$D$2/100)/$D$2+Q40,"") -> 16820.39 | E40: =IF(C40>=1,(K40-C40)*(1+P40*$E$2/100)/$E$2+Q40,"") -> 9379.0565 | F40: =IF(C40>=1,(K40-C40)*(1+$P40*$F$2/100)/$F$2+Q40, "") -> 6898.6121 | G40: =IF(C40>=1, (K40-C40)*(1+$P40*$G$2/100)/$G$2+Q40,"") -> 5658.3899 | H40: =IF(C40>=1, (K40-C40)*(1+$P40*$H$2/100)/$H$2+Q40, "") -> 4914.2565 | I40: =IF(C40>=1, (K40-C40)*(1+$P40*$I$2/100)/$I$2+Q40, "") -> 4418.1676 | K40: 89297 | L40: 86795 | M40: =87629+960 -> 88589 | N40: =88463+960 -> 89423 | O40: =89297+860 -> 90157 | P40: 2.17 | S40: 200 | T40: 100
A41: 89900 | B41: ACG110CSFF (Zoomer X DISK-BRAKE) | C41: 1 | D41: =IF(C41>=1,(K41-C41)*(1+P41*$D$2/100)/$D$2+Q41,"") -> 17443.884 | E41: =IF(C41>=1,(K41-C41)*(1+P41*$E$2/100)/$E$2+Q41,"") -> 9726.7169 | F41: =IF(C41>=1,(K41-C41)*(1+$P41*$F$2/100)/$F$2+Q41, "") -> 7154.328 | G41: =IF(C41>=1, (K41-C41)*(1+$P41*$G$2/100)/$G$2+Q41,"") -> 5868.1335 | H41: =IF(C41>=1, (K41-C41)*(1+$P41*$H$2/100)/$H$2+Q41, "") -> 5096.4169 | I41: =IF(C41>=1, (K41-C41)*(1+$P41*$I$2/100)/$I$2+Q41, "") -> 4581.9391 | K41: 92607 | L41: 90105 | M41: 91899 | N41: 92733 | O41: 93467 | P41: 2.17 | S41: 200 | T41: 100
A42: 55500 | B42: ANF125 (Wave Alpha/Cast/Disk) | C42: 1 | D42: =IF(C42>=1,(K42-C42)*(1+P42*$D$2/100)/$D$2+Q42,"") -> 11161.056 | E42: =IF(C42>=1,(K42-C42)*(1+P42*$E$2/100)/$E$2+Q42,"") -> 6311.8897 | F42: =IF(C42>=1,(K42-C42)*(1+$P42*$F$2/100)/$F$2+Q42, "") -> 4695.5008 | G42: =IF(C42>=1, (K42-C42)*(1+$P42*$G$2/100)/$G$2+Q42,"") -> 3887.3063 | H42: =IF(C42>=1, (K42-C42)*(1+$P42*$H$2/100)/$H$2+Q42, "") -> 3402.3897 | I42: =IF(C42>=1, (K42-C42)*(1+$P42*$I$2/100)/$I$2+Q42, "") -> 3079.1119 | K42: 58191 | L42: 57092 | M42: =57458+960 -> 58418 | N42: =57824+960 -> 58784 | O42: =58191+860 -> 59051 | P42: 2.17 | Q42: 200 | S42: 200 | T42: 100
A43: 65200 | B43: AFP110SCD (Wave Dash 110) | C43: 1 | D43: =IF(C43>=1,(K43-C43)*(1+P43*$D$2/100)/$D$2+Q43,"") -> 13380.957 | E43: =IF(C43>=1,(K43-C43)*(1+P43*$E$2/100)/$E$2+Q43,"") -> 7549.7075 | F43: =IF(C43>=1,(K43-C43)*(1+$P43*$F$2/100)/$F$2+Q43, "") -> 5605.9575 | G43: =IF(C43>=1, (K43-C43)*(1+$P43*$G$2/100)/$G$2+Q43,"") -> 4634.0825 | H43: =IF(C43>=1, (K43-C43)*(1+$P43*$H$2/100)/$H$2+Q43, "") -> 4050.9575 | I43: =IF(C43>=1, (K43-C43)*(1+$P43*$I$2/100)/$I$2+Q43, "") -> 3662.2075 | K43: 69976 | L43: 66846 | M43: 68849 | N43: 69892 | O43: 70836 | P43: 2.17 | Q43: 200 | S43: 200 | T43: 100
A44: 63500 | B44: BEAT110 Alloy | C44: 1 | D44: =IF(C44>=1,(K44-C44)*(1+P44*$D$2/100)/$D$2+Q44,"") -> 13304.292 | E44: =IF(C44>=1,(K44-C44)*(1+P44*$E$2/100)/$E$2+Q44,"") -> 7506.9589 | F44: =IF(C44>=1,(K44-C44)*(1+$P44*$F$2/100)/$F$2+Q44, "") -> 5574.5145 | G44: =IF(C44>=1, (K44-C44)*(1+$P44*$G$2/100)/$G$2+Q44,"") -> 4608.2923 | H44: =IF(C44>=1, (K44-C44)*(1+$P44*$H$2/100)/$H$2+Q44, "") -> 4028.5589 | I44: =IF(C44>=1, (K44-C44)*(1+$P44*$I$2/100)/$I$2+Q44, "") -> 3642.07 | K44: 69569 | L44: 66439 | M44: =67482+960 -> 68442 | N44: =68525+960 -> 69485 | O44: =69569+860 -> 70429 | P44: 2.17 | Q44: 200 | S44: 200 | T44: 100
A45: 65000 | B45: BEAT110 CSF (Cast) | C45: 1 | D45: =IF(C45>=1,(K45-C45)*(1+P45*$D$2/100)/$D$2+Q45,"") -> 13645.236 | E45: =IF(C45>=1,(K45-C45)*(1+P45*$E$2/100)/$E$2+Q45,"") -> 7697.0693 | F45: =IF(C45>=1,(K45-C45)*(1+$P45*$F$2/100)/$F$2+Q45, "") -> 5714.347 | G45: =IF(C45>=1, (K45-C45)*(1+$P45*$G$2/100)/$G$2+Q45,"") -> 4722.9859 | H45: =IF(C45>=1, (K45-C45)*(1+$P45*$H$2/100)/$H$2+Q45, "") -> 4128.1693 | I45: =IF(C45>=1, (K45-C45)*(1+$P45*$I$2/100)/$I$2+Q45, "") -> 3731.6248 | K45: 71379 | L45: 68249 | M45: 70252 | N45: 71295 | O45: 72239 | P45: 2.17 | Q45: 200 | S45: 200 | T45: 100
A46: 66900 | B46: BeAT_fi Cast (ACH110CSFF) | C46: 1 | D46: =IF(C46>=1,(K46-C46)*(1+P46*PRICING!$D$4/100)/PRICING!$D$4+Q46,"") -> 13093.555 | E46: =IF(C46>=1,(K46-C46)*(1+P46*PRICING!$E$4/100)/PRICING!$E$4+Q46,"") -> 7300.972 | F46: =IF(C46>=1,(K46-C46)*(1+$P46*PRICING!$F$4/100)/PRICING!$F$4+Q46, "") -> 5370.1109 | G46: =IF(C46>=1, (K46-C46)*(1+$P46*PRICING!$G$4/100)/PRICING!$G$4+Q46,"") -> 4404.6804 | H46: =IF(C46>=1, (K46-C46)*(1+$P46*PRICING!$H$4/100)/PRICING!$H$4+Q46, "") -> 3825.422 | I46: =IF(C46>=1, (K46-C46)*(1+$P46*PRICING!$I$4/100)/PRICING!$I$4+Q46, "") -> 3439.2498 | K46: 69512 | L46: 68118 | M46: =68629+960 -> 69589 | N46: =69070+960 -> 70030 | O46: =69512+860 -> 70372 | P46: 2.17 | S46: 200 | T46: 100
A47: 58900 | B47: CB125CL(Kick/Electric Start) | C47: 1 | D47: =IF(C47>=1,(K47-C47)*(1+P47*$D$2/100)/$D$2+Q47,"") -> 11853.304 | E47: =IF(C47>=1,(K47-C47)*(1+P47*$E$2/100)/$E$2+Q47,"") -> 6697.8872 | F47: =IF(C47>=1,(K47-C47)*(1+$P47*$F$2/100)/$F$2+Q47, "") -> 4979.4149 | G47: =IF(C47>=1, (K47-C47)*(1+$P47*$G$2/100)/$G$2+Q47,"") -> 4120.1788 | H47: =IF(C47>=1, (K47-C47)*(1+$P47*$H$2/100)/$H$2+Q47, "") -> 3604.6372 | I47: =IF(C47>=1, (K47-C47)*(1+$P47*$I$2/100)/$I$2+Q47, "") -> 3260.9427 | K47: 61866 | L47: 60789 | M47: 62108 | N47: 62467 | O47: 62726 | P47: 2.17 | Q47: 200 | S47: 200 | T47: 50
A48: 53900 | B48: CB125CL(Kick Starter) | C48: 1 | D48: =IF(C48>=1,(K48-C48)*(1+P48*$D$2/100)/$D$2+Q48,"") -> 10944.246 | E48: =IF(C48>=1,(K48-C48)*(1+P48*$E$2/100)/$E$2+Q48,"") -> 6190.9963 | F48: =IF(C48>=1,(K48-C48)*(1+$P48*$F$2/100)/$F$2+Q48, "") -> 4606.5796 | G48: =IF(C48>=1, (K48-C48)*(1+$P48*$G$2/100)/$G$2+Q48,"") -> 3814.3713 | H48: =IF(C48>=1, (K48-C48)*(1+$P48*$H$2/100)/$H$2+Q48, "") -> 3339.0463 | I48: =IF(C48>=1, (K48-C48)*(1+$P48*$I$2/100)/$I$2+Q48, "") -> 3022.163 | K48: 57040 | L48: 56053 | M48: 57342 | N48: 57671 | O48: 57900 | P48: 2.17 | Q48: 200 | S48: 200 | T48: 50
A49: 64400 | B49: CBF110 | C49: 1 | D49: =IF(C49>=1,(K49-C49)*(1+P49*$D$2/100)/$D$2+Q49,"") -> 12935.47 | E49: =IF(C49>=1,(K49-C49)*(1+P49*$E$2/100)/$E$2+Q49,"") -> 7301.3037 | F49: =IF(C49>=1,(K49-C49)*(1+$P49*$F$2/100)/$F$2+Q49, "") -> 5423.2481 | G49: =IF(C49>=1, (K49-C49)*(1+$P49*$G$2/100)/$G$2+Q49,"") -> 4484.2203 | H49: =IF(C49>=1, (K49-C49)*(1+$P49*$H$2/100)/$H$2+Q49, "") -> 3920.8037 | I49: =IF(C49>=1, (K49-C49)*(1+$P49*$I$2/100)/$I$2+Q49, "") -> 3545.1926 | K49: 67611 | L49: 66205 | M49: 67633 | N49: 68101 | O49: 68471 | P49: 2.17 | Q49: 200 | S49: 200 | T49: 100
A50: 57900 | B50: CBF110MSE | C50: 1 | D50: =IF(C50>=1,(K50-C50)*(1+P50*$D$2/100)/$D$2+Q50,"") -> 11761.569 | E50: =IF(C50>=1,(K50-C50)*(1+P50*$E$2/100)/$E$2+Q50,"") -> 6646.7359 | F50: =IF(C50>=1,(K50-C50)*(1+$P50*$F$2/100)/$F$2+Q50, "") -> 4941.7915 | G50: =IF(C50>=1, (K50-C50)*(1+$P50*$G$2/100)/$G$2+Q50,"") -> 4089.3193 | H50: =IF(C50>=1, (K50-C50)*(1+$P50*$H$2/100)/$H$2+Q50, "") -> 3577.8359 | I50: =IF(C50>=1, (K50-C50)*(1+$P50*$I$2/100)/$I$2+Q50, "") -> 3236.847 | K50: 61379 | L50: 59650 | M50: 61186 | N50: 61762 | O50: 62239 | P50: 2.17 | Q50: 200 | S50: 200 | T50: 100
A51: 165500 | B51: CBR150 (24 mos) | C51: 1 | D51: =IF(C51>=1,(K51-C51)*(1+P51*$D$2/100)/$D$2+Q51,"") -> 36116.883 | E51: =IF(C51>=1,(K51-C51)*(1+P51*$E$2/100)/$E$2+Q51,"") -> 21005.217 | F51: =IF(C51>=1,(K51-C51)*(1+$P51*$F$2/100)/$F$2+Q51, "") -> 15967.994 | G51: =IF(C51>=1, (K51-C51)*(1+$P51*$G$2/100)/$G$2+Q51,"") -> 13449.383 | K51: 181341 | L51: 181341 | M51: 182301 | N51: 182301 | O51: 182201 | P51: 3.25 | S51: 200 | T51: 100
B52: CBR250 (12 mos) | C52: 1 | D52: =IF(C52>=1,(K52-C52)*(1+P52*$D$2/100)/$D$2+Q52,"") -> 52778.967 | E52: =IF(C52>=1,(K52-C52)*(1+P52*$E$2/100)/$E$2+Q52,"") -> 30695.718 | K52: 265000 | L52: 250000 | M52: =226186+960 -> 227146 | N52: =227647+960 -> 228607 | O52: =229108+960 -> 230068 | P52: 3.25 | S52: 350 | T52: 100
A53: 116800 | B53: CB150 RH (CB150R STREETFIRE)50% OLD | D53: =IF(C53>=1,(K53-C53)*(1+P53*PRICING!$D$4/100)/PRICING!$D$4+Q53,"") | E53: =IF(C53>=1,(K53-C53)*(1+P53*PRICING!$E$4/100)/PRICING!$E$4+Q53,"") | F53: =IF(C53>=1,(K53-C53)*(1+$P53*PRICING!$F$4/100)/PRICING!$F$4+Q53, "") | G53: =IF(C53>=1, (K53-C53)*(1+$P53*PRICING!$G$4/100)/PRICING!$G$4+Q53,"") | H53: =IF(C53>=1, (K53-C53)*(1+$P53*PRICING!$H$4/100)/PRICING!$H$4+Q53, "") | I53: =IF(C53>=1, (K53-C53)*(1+$P53*PRICING!$I$4/100)/PRICING!$I$4+Q53, "") | K53: 121079 | L53: 117716 | M53: 119797 | N53: 120918 | O53: 121939 | P53: 2.17 | Q53: 200 | S53: 200 | T53: 100
A54: 229900 | B54: CRF250LD (24 mos) | C54: 1 | D54: =IF(C54>=1,(K54-C54)*(1+P54*$D$2/100)/$D$2+Q54,"") -> 47245.719 | E54: =IF(C54>=1,(K54-C54)*(1+P54*$E$2/100)/$E$2+Q54,"") -> 27477.636 | F54: =IF(C54>=1,(K54-C54)*(1+$P54*$F$2/100)/$F$2+Q54, "") -> 20888.275 | G54: =IF(C54>=1, (K54-C54)*(1+$P54*$G$2/100)/$G$2+Q54,"") -> 17593.594 | K54: 237218 | L54: 232835 | M54: 235256 | N54: 236717 | O54: 238078 | P54: 3.25 | S54: 350 | T54: 100
A55: 70300 | B55: CFT125MRCE (Motard) | D55: =IF(C55>=1,(K55-C55)*(1+P55*PRICING!$D$4/100)/PRICING!$D$4+Q55,"") | E55: =IF(C55>=1,(K55-C55)*(1+P55*PRICING!$E$4/100)/PRICING!$E$4+Q55,"") | F55: =IF(C55>=1,(K55-C55)*(1+$P55*PRICING!$F$4/100)/PRICING!$F$4+Q55, "") | G55: =IF(C55>=1, (K55-C55)*(1+$P55*PRICING!$G$4/100)/PRICING!$G$4+Q55,"") | H55: =IF(C55>=1, (K55-C55)*(1+$P55*PRICING!$H$4/100)/PRICING!$H$4+Q55, "") | I55: =IF(C55>=1, (K55-C55)*(1+$P55*PRICING!$I$4/100)/PRICING!$I$4+Q55, "") | K55: 74847 | L55: 71717 | M55: 73720 | N55: 74663 | O55: 75707 | P55: 3 | S55: 500 | T55: 100
A56: 65000 | B56: CFT125MSE (Dual Sport) | D56: =IF(C56>=1,(K56-C56)*(1+P56*PRICING!$D$4/100)/PRICING!$D$4+Q56,"") | E56: =IF(C56>=1,(K56-C56)*(1+P56*PRICING!$E$4/100)/PRICING!$E$4+Q56,"") | F56: =IF(C56>=1,(K56-C56)*(1+$P56*PRICING!$F$4/100)/PRICING!$F$4+Q56, "") | G56: =IF(C56>=1, (K56-C56)*(1+$P56*PRICING!$G$4/100)/PRICING!$G$4+Q56,"") | H56: =IF(C56>=1, (K56-C56)*(1+$P56*PRICING!$H$4/100)/PRICING!$H$4+Q56, "") | I56: =IF(C56>=1, (K56-C56)*(1+$P56*PRICING!$I$4/100)/PRICING!$I$4+Q56, "") | K56: 69494 | L56: 66364 | M56: 68367 | N56: 69410 | O56: 70354 | P56: 3 | S56: 500 | T56: 100
A57: 69800 | B57: SCOOPY110 | C57: 1 | D57: =IF(C57>=1,(K57-C57)*(1+P57*$D$2/100)/$D$2+Q57,"") -> 14270.425 | E57: =IF(C57>=1,(K57-C57)*(1+P57*$E$2/100)/$E$2+Q57,"") -> 8045.6749 | F57: =IF(C57>=1,(K57-C57)*(1+$P57*$F$2/100)/$F$2+Q57, "") -> 5970.7582 | G57: =IF(C57>=1, (K57-C57)*(1+$P57*$G$2/100)/$G$2+Q57,"") -> 4933.2999 | H57: =IF(C57>=1, (K57-C57)*(1+$P57*$H$2/100)/$H$2+Q57, "") -> 4310.8249 | I57: =IF(C57>=1, (K57-C57)*(1+$P57*$I$2/100)/$I$2+Q57, "") -> 3895.8416 | K57: 74698 | L57: 72383 | M57: 74114 | N57: 74885 | O57: 75558 | P57: 2.17 | Q57: 200 | S57: 200 | T57: 100
A58: 69990 | B58: TMX150 SUPREMO (TMXS2) | C58: 1 | D58: =IF(C58>=1,(K58-C58)*(1+P58*$D$2/100)/$D$2+Q58,"") -> 14220.696 | E58: =IF(C58>=1,(K58-C58)*(1+P58*$E$2/100)/$E$2+Q58,"") -> 8017.9461 | F58: =IF(C58>=1,(K58-C58)*(1+$P58*$F$2/100)/$F$2+Q58, "") -> 5950.3628 | G58: =IF(C58>=1, (K58-C58)*(1+$P58*$G$2/100)/$G$2+Q58,"") -> 4916.5711 | H58: =IF(C58>=1, (K58-C58)*(1+$P58*$H$2/100)/$H$2+Q58, "") -> 4296.2961 | I58: =IF(C58>=1, (K58-C58)*(1+$P58*$I$2/100)/$I$2+Q58, "") -> 3882.7794 | K58: 74434 | L58: 73083 | M58: 74494 | N58: 74943 | O58: 75294 | P58: 2.17 | Q58: 200 | S58: 500 | T58: 100
A59: 72900 | B59: TMX155 | C59: 1 | D59: =IF(C59>=1,(K59-C59)*(1+P59*$D$2/100)/$D$2+Q59,"") -> 15510.254 | E59: =IF(C59>=1,(K59-C59)*(1+P59*$E$2/100)/$E$2+Q59,"") -> 8737.0043 | F59: =IF(C59>=1,(K59-C59)*(1+$P59*$F$2/100)/$F$2+Q59, "") -> 6479.2543 | G59: =IF(C59>=1, (K59-C59)*(1+$P59*$G$2/100)/$G$2+Q59,"") -> 5350.3793 | H59: =IF(C59>=1, (K59-C59)*(1+$P59*$H$2/100)/$H$2+Q59, "") -> 4673.0543 | I59: =IF(C59>=1, (K59-C59)*(1+$P59*$I$2/100)/$I$2+Q59, "") -> 4221.5043 | K59: 81280 | L59: 76885 | M59: 79310 | N59: 80775 | O59: 82140 | P59: 2.17 | Q59: 200 | S59: 500 | T59: 100
A60: 53700 | B60: WAVE100 (Drum) | C60: 1 | D60: =IF(C60>=1,(K60-C60)*(1+P60*$D$2/100)/$D$2+Q60,"") -> 11022.984 | E60: =IF(C60>=1,(K60-C60)*(1+P60*$E$2/100)/$E$2+Q60,"") -> 6234.9002 | F60: =IF(C60>=1,(K60-C60)*(1+$P60*$F$2/100)/$F$2+Q60, "") -> 4638.8725 | G60: =IF(C60>=1, (K60-C60)*(1+$P60*$G$2/100)/$G$2+Q60,"") -> 3840.8586 | H60: =IF(C60>=1, (K60-C60)*(1+$P60*$H$2/100)/$H$2+Q60, "") -> 3362.0502 | I60: =IF(C60>=1, (K60-C60)*(1+$P60*$I$2/100)/$I$2+Q60, "") -> 3042.8447 | K60: 57458 | L60: 55682 | M60: 57234 | N60: 57826 | O60: 58318 | P60: 2.17 | Q60: 200 | S60: 200 | T60: 100
A61: 58700 | B61: WAVE100 (Disk) | C61: 1 | D61: =IF(C61>=1,(K61-C61)*(1+P61*$D$2/100)/$D$2+Q61,"") -> 11974.235 | E61: =IF(C61>=1,(K61-C61)*(1+P61*$E$2/100)/$E$2+Q61,"") -> 6765.3186 | F61: =IF(C61>=1,(K61-C61)*(1+$P61*$F$2/100)/$F$2+Q61, "") -> 5029.013 | G61: =IF(C61>=1, (K61-C61)*(1+$P61*$G$2/100)/$G$2+Q61,"") -> 4160.8602 | H61: =IF(C61>=1, (K61-C61)*(1+$P61*$H$2/100)/$H$2+Q61, "") -> 3639.9686 | I61: =IF(C61>=1, (K61-C61)*(1+$P61*$I$2/100)/$I$2+Q61, "") -> 3292.7075 | K61: 62508 | L61: 60732 | M61: 62284 | N61: 62876 | O61: 63368 | P61: 2.17 | Q61: 200 | S61: 200 | T61: 100
A62: 65300 | B62: WAVE125 | C62: 1 | D62: =IF(C62>=1,(K62-C62)*(1+P62*$D$2/100)/$D$2+Q62,"") -> 13285.832 | E62: =IF(C62>=1,(K62-C62)*(1+P62*$E$2/100)/$E$2+Q62,"") -> 7496.6657 | F62: =IF(C62>=1,(K62-C62)*(1+$P62*$F$2/100)/$F$2+Q62, "") -> 5566.9434 | G62: =IF(C62>=1, (K62-C62)*(1+$P62*$G$2/100)/$G$2+Q62,"") -> 4602.0823 | H62: =IF(C62>=1, (K62-C62)*(1+$P62*$H$2/100)/$H$2+Q62, "") -> 4023.1657 | I62: =IF(C62>=1, (K62-C62)*(1+$P62*$I$2/100)/$I$2+Q62, "") -> 3637.2212 | K62: 69471 | L62: 66698 | M62: 68582 | N62: 69506 | O62: 70331 | P62: 2.17 | Q62: 200 | S62: 200 | T62: 100
A63: 63200 | B63: WAVE Dash 110 | C63: 1 | D63: =IF(C63>=1,(K63-C63)*(1+P63*$D$2/100)/$D$2+Q63,"") -> 12945.83 | E63: =IF(C63>=1,(K63-C63)*(1+P63*$E$2/100)/$E$2+Q63,"") -> 7307.0805 | F63: =IF(C63>=1,(K63-C63)*(1+$P63*$F$2/100)/$F$2+Q63, "") -> 5427.4972 | G63: =IF(C63>=1, (K63-C63)*(1+$P63*$G$2/100)/$G$2+Q63,"") -> 4487.7055 | H63: =IF(C63>=1, (K63-C63)*(1+$P63*$H$2/100)/$H$2+Q63, "") -> 3923.8305 | I63: =IF(C63>=1, (K63-C63)*(1+$P63*$I$2/100)/$I$2+Q63, "") -> 3547.9138 | K63: 67666 | L63: 64536 | M63: =65579+960 -> 66539 | N63: =66622+960 -> 67582 | O63: =67666+860 -> 68526 | P63: 2.17 | Q63: 200 | S63: 200 | T63: 100
A64: 87900 | B64: XR125 | C64: 1 | D64: =IF(C64>=1,(K64-C64)*(1+P64*$D$2/100)/$D$2+Q64,"") -> 17158.463 | E64: =IF(C64>=1,(K64-C64)*(1+P64*$E$2/100)/$E$2+Q64,"") -> 9656.046 | F64: =IF(C64>=1,(K64-C64)*(1+$P64*$F$2/100)/$F$2+Q64, "") -> 7155.2404 | G64: =IF(C64>=1, (K64-C64)*(1+$P64*$G$2/100)/$G$2+Q64,"") -> 5904.8376 | H64: =IF(C64>=1, (K64-C64)*(1+$P64*$H$2/100)/$H$2+Q64, "") -> 5154.596 | I64: =IF(C64>=1, (K64-C64)*(1+$P64*$I$2/100)/$I$2+Q64, "") -> 4654.4349 | K64: 90030 | L64: 88489 | M64: 89962 | N64: 90475 | O64: 90890 | P64: 2.17 | Q64: 200 | S64: 200 | T64: 100
A65: 144400 | B65: XR200 | C65: 1 | D65: =IF(C65>=1,(K65-C65)*(1+P65*$D$2/100)/$D$2+Q65,"") -> 28590.104 | E65: =IF(C65>=1,(K65-C65)*(1+P65*$E$2/100)/$E$2+Q65,"") -> 15941.854 | F65: =IF(C65>=1,(K65-C65)*(1+$P65*$F$2/100)/$F$2+Q65, "") -> 11725.771 | G65: =IF(C65>=1, (K65-C65)*(1+$P65*$G$2/100)/$G$2+Q65,"") -> 9617.7293 | H65: =IF(C65>=1, (K65-C65)*(1+$P65*$H$2/100)/$H$2+Q65, "") -> 8352.9043 | I65: =IF(C65>=1, (K65-C65)*(1+$P65*$I$2/100)/$I$2+Q65, "") -> 7509.6876 | K65: 151780 | L65: 143280 | M65: 147073 | N65: 149906 | O65: 152640 | P65: 2.17 | S65: 200 | T65: 100
A66: 68200 | B66: XRM RS125 (ZN125MB) | D66: =IF(C66>=1,(K66-C66)*(1+P66*PRICING!$D$4/100)/PRICING!$D$4+Q66,"") | E66: =IF(C66>=1,(K66-C66)*(1+P66*PRICING!$E$4/100)/PRICING!$E$4+Q66,"") | F66: =IF(C66>=1,(K66-C66)*(1+$P66*PRICING!$F$4/100)/PRICING!$F$4+Q66, "") | G66: =IF(C66>=1, (K66-C66)*(1+$P66*PRICING!$G$4/100)/PRICING!$G$4+Q66,"") | H66: =IF(C66>=1, (K66-C66)*(1+$P66*PRICING!$H$4/100)/PRICING!$H$4+Q66, "") | I66: =IF(C66>=1, (K66-C66)*(1+$P66*PRICING!$I$4/100)/PRICING!$I$4+Q66, "") | K66: 72704 | L66: 69574 | M66: 71577 | N66: 72620 | O66: 73564 | P66: 3 | S66: 600 | T66: 100
A67: 61400 | B67: XRM125 Dual Sport (CFT125MA) | C67: 1 | D67: =IF(C67>=1,(K67-C67)*(1+P67*$D$2/100)/$D$2+Q67,"") -> 13025.823 | E67: =IF(C67>=1,(K67-C67)*(1+P67*$E$2/100)/$E$2+Q67,"") -> 7506.4067 | F67: =IF(C67>=1,(K67-C67)*(1+$P67*$F$2/100)/$F$2+Q67, "") -> 5666.6011 | G67: =IF(C67>=1, (K67-C67)*(1+$P67*$G$2/100)/$G$2+Q67,"") -> 4746.6983 | H67: =IF(C67>=1, (K67-C67)*(1+$P67*$H$2/100)/$H$2+Q67, "") -> 4194.7567 | I67: =IF(C67>=1, (K67-C67)*(1+$P67*$I$2/100)/$I$2+Q67, "") -> 3826.7956 | K67: 66234 | L67: 63104 | M67: =65048+60 -> 65108 | N67: =66092+60 -> 66152 | O67: =67034+60 -> 67094 | P67: 3 | S67: 600 | T67: 100
A68: 66900 | B68: XRM125 Motard (CFT125MRCA) | C68: 1 | D68: =IF(C68>=1,(K68-C68)*(1+P68*$D$2/100)/$D$2+Q68,"") -> 14304.157 | E68: =IF(C68>=1,(K68-C68)*(1+P68*$E$2/100)/$E$2+Q68,"") -> 8243.0733 | F68: =IF(C68>=1,(K68-C68)*(1+$P68*$F$2/100)/$F$2+Q68, "") -> 6222.7122 | G68: =IF(C68>=1, (K68-C68)*(1+$P68*$G$2/100)/$G$2+Q68,"") -> 5212.5317 | H68: =IF(C68>=1, (K68-C68)*(1+$P68*$H$2/100)/$H$2+Q68, "") -> 4606.4233 | I68: =IF(C68>=1, (K68-C68)*(1+$P68*$I$2/100)/$I$2+Q68, "") -> 4202.3511 | K68: 72734 | L68: 69604 | M68: =71548+60 -> 71608 | N68: =72592+60 -> 72652 | O68: =73534+60 -> 73594 | P68: 3 | S68: 200 | T68: 100
A69: 63900 | B69: XRM125 Off Road (CFT125KRA) | C69: 1 | D69: =IF(C69>=1,(K69-C69)*(1+P69*$D$2/100)/$D$2+Q69,"") -> 13517.49 | E69: =IF(C69>=1,(K69-C69)*(1+P69*$E$2/100)/$E$2+Q69,"") -> 7789.74 | F69: =IF(C69>=1,(K69-C69)*(1+$P69*$F$2/100)/$F$2+Q69, "") -> 5880.49 | G69: =IF(C69>=1, (K69-C69)*(1+$P69*$G$2/100)/$G$2+Q69,"") -> 4925.865 | H69: =IF(C69>=1, (K69-C69)*(1+$P69*$H$2/100)/$H$2+Q69, "") -> 4353.09 | I69: =IF(C69>=1, (K69-C69)*(1+$P69*$I$2/100)/$I$2+Q69, "") -> 3971.24 | K69: 68734 | L69: 65604 | M69: =67548+60 -> 67608 | N69: =68592+60 -> 68652 | O69: =69534+60 -> 69594 | P69: 3 | S69: 200 | T69: 100
A71: D.Price | B71: BRAND/MODEL | C71: DP | D71: 6 | E71: 12 | F71: 18 | G71: 24 | H71: 30 | I71: 36 | K71: LCP | L71: COD | M71: 30 Days | N71: 60 Days | O71: 90 Days | P71: I.R. ( + ) | S71: Rebate | U71: DATE
A72: YAMAHA
A73: 63200 | B73: Crypton Z | C73: 1 | D73: =IF(C73>=1,(K73-C73)*(1+P73*$D$2/100)/$D$2+Q73,"") -> 12243.645 | E73: =IF(C73>=1,(K73-C73)*(1+P73*$E$2/100)/$E$2+Q73,"") -> 6827.0616 | F73: =IF(C73>=1,(K73-C73)*(1+$P73*$F$2/100)/$F$2+Q73, "") -> 5021.5339 | G73: =IF(C73>=1, (K73-C73)*(1+$P73*$G$2/100)/$G$2+Q73,"") -> 4118.77 | H73: =IF(C73>=1, (K73-C73)*(1+$P73*$H$2/100)/$H$2+Q73, "") -> 3577.1116 | I73: =IF(C73>=1, (K73-C73)*(1+$P73*$I$2/100)/$I$2+Q73, "") -> 3216.0061 | K73: 65000 | L73: 63300 | M73: =64767+60 -> 64827 | N73: =65334+60 -> 65394 | O73: =65800+60 -> 65860 | P73: 2.17 | S73: 200 | T73: 50
A74: 119800 | B74: FZ 16 | D74: =IF(C74>=1,(K74-C74)*(1+P74*PRICING!$D$4/100)/PRICING!$D$4+Q74,"") | E74: =IF(C74>=1,(K74-C74)*(1+P74*PRICING!$E$4/100)/PRICING!$E$4+Q74,"") | F74: =IF(C74>=1,(K74-C74)*(1+$P74*PRICING!$F$4/100)/PRICING!$F$4+Q74, "") | G74: =IF(C74>=1, (K74-C74)*(1+$P74*PRICING!$G$4/100)/PRICING!$G$4+Q74,"") | H74: =IF(C74>=1, (K74-C74)*(1+$P74*PRICING!$H$4/100)/PRICING!$H$4+Q74, "") | I74: =IF(C74>=1, (K74-C74)*(1+$P74*PRICING!$I$4/100)/PRICING!$I$4+Q74, "") | K74: 125790 | L74: 119800 | M74: =122697+60 -> 122757 | N74: =124694+60 -> 124754 | O74: =126590+60 -> 126650 | P74: 2.17 | S74: 200 | T74: 100
A75: 83400 | B75: Mio 125MX | C75: 1 | D75: =IF(C75>=1,(K75-C75)*(1+P75*$D$2/100)/$D$2+Q75,"") -> 16035.654 | E75: =IF(C75>=1,(K75-C75)*(1+P75*$E$2/100)/$E$2+Q75,"") -> 8941.4877 | F75: =IF(C75>=1,(K75-C75)*(1+$P75*$F$2/100)/$F$2+Q75, "") -> 6576.7654 | G75: =IF(C75>=1, (K75-C75)*(1+$P75*$G$2/100)/$G$2+Q75,"") -> 5394.4043 | H75: =IF(C75>=1, (K75-C75)*(1+$P75*$H$2/100)/$H$2+Q75, "") -> 4684.9877 | I75: =IF(C75>=1, (K75-C75)*(1+$P75*$I$2/100)/$I$2+Q75, "") -> 4212.0432 | K75: 85131 | L75: 83400 | M75: =84877+60 -> 84937 | N75: =85454+60 -> 85514 | O75: =85931+60 -> 85991 | P75: 2.17 | S75: 200 | T75: 50
A76: 77800 | B76: Mio Fino | C76: 1 | D76: =IF(C76>=1,(K76-C76)*(1+P76*$D$2/100)/$D$2+Q76,"") -> 15387.485 | E76: =IF(C76>=1,(K76-C76)*(1+P76*$E$2/100)/$E$2+Q76,"") -> 8580.068 | F76: =IF(C76>=1,(K76-C76)*(1+$P76*$F$2/100)/$F$2+Q76, "") -> 6310.9291 | G76: =IF(C76>=1, (K76-C76)*(1+$P76*$G$2/100)/$G$2+Q76,"") -> 5176.3596 | H76: =IF(C76>=1, (K76-C76)*(1+$P76*$H$2/100)/$H$2+Q76, "") -> 4495.618 | I76: =IF(C76>=1, (K76-C76)*(1+$P76*$I$2/100)/$I$2+Q76, "") -> 4041.7902 | K76: 81690 | L76: 77900 | M76: =80064+60 -> 80124 | N76: =81328+60 -> 81388 | O76: =82490+60 -> 82550 | P76: 2.17 | S76: 200 | T76: 100
A77: 84900 | B77: Mio Fino_i (B431) | C77: 1 | D77: =IF(C77>=1,(K77-C77)*(1+P77*$D$2/100)/$D$2+Q77,"") -> 16298.237 | E77: =IF(C77>=1,(K77-C77)*(1+P77*$E$2/100)/$E$2+Q77,"") -> 9087.9041 | F77: =IF(C77>=1,(K77-C77)*(1+$P77*$F$2/100)/$F$2+Q77, "") -> 6684.4597 | G77: =IF(C77>=1, (K77-C77)*(1+$P77*$G$2/100)/$G$2+Q77,"") -> 5482.7375 | H77: =IF(C77>=1, (K77-C77)*(1+$P77*$H$2/100)/$H$2+Q77, "") -> 4761.7041 | I77: =IF(C77>=1, (K77-C77)*(1+$P77*$I$2/100)/$I$2+Q77, "") -> 4281.0152 | K77: 86525 | L77: 84900 | M77: 86401 | N77: 86942 | O77: 87385 | P77: 2.17 | S77: 200 | T77: 50
A78: 75800 | B78: Mio Fino Fashion | C78: 1 | D78: =IF(C78>=1,(K78-C78)*(1+P78*$D$2/100)/$D$2+Q78,"") -> 15010.751 | E78: =IF(C78>=1,(K78-C78)*(1+P78*$E$2/100)/$E$2+Q78,"") -> 8370.0013 | F78: =IF(C78>=1,(K78-C78)*(1+$P78*$F$2/100)/$F$2+Q78, "") -> 6156.418 | G78: =IF(C78>=1, (K78-C78)*(1+$P78*$G$2/100)/$G$2+Q78,"") -> 5049.6263 | H78: =IF(C78>=1, (K78-C78)*(1+$P78*$H$2/100)/$H$2+Q78, "") -> 4385.5513 | I78: =IF(C78>=1, (K78-C78)*(1+$P78*$I$2/100)/$I$2+Q78, "") -> 3942.8346 | K78: 79690 | L78: 75900 | M78: =78064+60 -> 78124 | N78: =79328+60 -> 79388 | O78: =80490+60 -> 80550 | P78: 2.17 | S78: 200 | T78: 100
A79: 74900 | B79: Mio Soul | C79: 1 | D79: =IF(C79>=1,(K79-C79)*(1+P79*$D$2/100)/$D$2+Q79,"") -> 14334.515 | E79: =IF(C79>=1,(K79-C79)*(1+P79*$E$2/100)/$E$2+Q79,"") -> 7992.9316 | F79: =IF(C79>=1,(K79-C79)*(1+$P79*$F$2/100)/$F$2+Q79, "") -> 5879.0705 | G79: =IF(C79>=1, (K79-C79)*(1+$P79*$G$2/100)/$G$2+Q79,"") -> 4822.14 | H79: =IF(C79>=1, (K79-C79)*(1+$P79*$H$2/100)/$H$2+Q79, "") -> 4187.9816 | I79: =IF(C79>=1, (K79-C79)*(1+$P79*$I$2/100)/$I$2+Q79, "") -> 3765.2094 | K79: =75100+1000 -> 76100 | L79: 74800 | M79: =76134+60 -> 76194 | N79: =76568+60 -> 76628 | O79: =76900+60 -> 76960 | P79: 2.17 | S79: 200 | T79: 50
A80: 78900 | B80: Mio Soul_fi | C80: 1 | D80: =IF(C80>=1,(K80-C80)*(1+P80*$D$2/100)/$D$2+Q80,"") -> 15087.982 | E80: =IF(C80>=1,(K80-C80)*(1+P80*$E$2/100)/$E$2+Q80,"") -> 8413.065 | F80: =IF(C80>=1,(K80-C80)*(1+$P80*$F$2/100)/$F$2+Q80, "") -> 6188.0927 | G80: =IF(C80>=1, (K80-C80)*(1+$P80*$G$2/100)/$G$2+Q80,"") -> 5075.6066 | H80: =IF(C80>=1, (K80-C80)*(1+$P80*$H$2/100)/$H$2+Q80, "") -> 4408.115 | I80: =IF(C80>=1, (K80-C80)*(1+$P80*$I$2/100)/$I$2+Q80, "") -> 3963.1205 | K80: 80100 | L80: 78800 | M80: =80134+60 -> 80194 | N80: =80568+60 -> 80628 | O80: =80900+60 -> 80960 | P80: 2.17 | S80: 200 | T80: 50
A81: 86900 | B81: MIO125MXi (2HD1) | C81: 1 | D81: =IF(C81>=1,(K81-C81)*(1+P81*$D$2/100)/$D$2+Q81,"") -> 16694.938 | E81: =IF(C81>=1,(K81-C81)*(1+P81*$E$2/100)/$E$2+Q81,"") -> 9309.1043 | F81: =IF(C81>=1,(K81-C81)*(1+$P81*$F$2/100)/$F$2+Q81, "") -> 6847.1599 | G81: =IF(C81>=1, (K81-C81)*(1+$P81*$G$2/100)/$G$2+Q81,"") -> 5616.1877 | H81: =IF(C81>=1, (K81-C81)*(1+$P81*$H$2/100)/$H$2+Q81, "") -> 4877.6043 | I81: =IF(C81>=1, (K81-C81)*(1+$P81*$I$2/100)/$I$2+Q81, "") -> 4385.2154 | K81: 88631 | L81: 86900 | M81: =88437 -> 88437 | N81: =89014 -> 89014 | O81: =89491 -> 89491 | P81: 2.17 | S81: 200 | T81: 50
A82: 79200 | B82: Nouvo Z | C82: 1 | D82: =IF(C82>=1,(K82-C82)*(1+P82*$D$2/100)/$D$2+Q82,"") -> 15087.982 | E82: =IF(C82>=1,(K82-C82)*(1+P82*$E$2/100)/$E$2+Q82,"") -> 8413.065 | F82: =IF(C82>=1,(K82-C82)*(1+$P82*$F$2/100)/$F$2+Q82, "") -> 6188.0927 | G82: =IF(C82>=1, (K82-C82)*(1+$P82*$G$2/100)/$G$2+Q82,"") -> 5075.6066 | H82: =IF(C82>=1, (K82-C82)*(1+$P82*$H$2/100)/$H$2+Q82, "") -> 4408.115 | I82: =IF(C82>=1, (K82-C82)*(1+$P82*$I$2/100)/$I$2+Q82, "") -> 3963.1205 | K82: 80100 | L82: 78700 | M82: =80067+60 -> 80127 | N82: =80534+60 -> 80594 | O82: =80900+60 -> 80960 | P82: 2.17 | S82: 200 | T82: 50
A83: 68200 | B83: Vega Force_ i | C83: 1 | D83: =IF(C83>=1,(K83-C83)*(1+P83*PRICING!$D$4/100)/PRICING!$D$4+Q83,"") -> 13447.685 | E83: =IF(C83>=1,(K83-C83)*(1+P83*PRICING!$E$4/100)/PRICING!$E$4+Q83,"") -> 7498.4347 | F83: =IF(C83>=1,(K83-C83)*(1+$P83*PRICING!$F$4/100)/PRICING!$F$4+Q83, "") -> 5515.3514 | G83: =IF(C83>=1, (K83-C83)*(1+$P83*PRICING!$G$4/100)/PRICING!$G$4+Q83,"") -> 4523.8097 | H83: =IF(C83>=1, (K83-C83)*(1+$P83*PRICING!$H$4/100)/PRICING!$H$4+Q83, "") -> 3928.8847 | I83: =IF(C83>=1, (K83-C83)*(1+$P83*PRICING!$I$4/100)/PRICING!$I$4+Q83, "") -> 3532.268 | K83: 71392 | L83: 70300 | M83: =71564+60 -> 71624 | N83: =71928+60 -> 71988 | O83: =72192+60 -> 72252 | P83: 2.17 | S83: 200 | T83: 50
A84: 71800 | B84: YBR 125 | C84: 1 | D84: =IF(C84>=1,(K84-C84)*(1+P84*PRICING!$D$4/100)/PRICING!$D$4+Q84,"") -> 13844.762 | E84: =IF(C84>=1,(K84-C84)*(1+P84*PRICING!$E$4/100)/PRICING!$E$4+Q84,"") -> 7719.845 | F84: =IF(C84>=1,(K84-C84)*(1+$P84*PRICING!$F$4/100)/PRICING!$F$4+Q84, "") -> 5678.2061 | G84: =IF(C84>=1, (K84-C84)*(1+$P84*PRICING!$G$4/100)/PRICING!$G$4+Q84,"") -> 4657.3866 | H84: =IF(C84>=1, (K84-C84)*(1+$P84*PRICING!$H$4/100)/PRICING!$H$4+Q84, "") -> 4044.895 | I84: =IF(C84>=1, (K84-C84)*(1+$P84*PRICING!$I$4/100)/PRICING!$I$4+Q84, "") -> 3636.5672 | K84: 73500 | L84: 71700 | M84: =73200+60 -> 73260 | N84: =73800+60 -> 73860 | O84: =74300+60 -> 74360 | P84: 2.17 | S84: 200 | T84: 50
A85: 94200 | B85: Sniper MX | C85: 1 | D85: =IF(C85>=1,(K85-C85)*(1+P85*$D$2/100)/$D$2+Q85,"") -> 18045.338 | E85: =IF(C85>=1,(K85-C85)*(1+P85*$E$2/100)/$E$2+Q85,"") -> 10062.088 | F85: =IF(C85>=1,(K85-C85)*(1+$P85*$F$2/100)/$F$2+Q85, "") -> 7401.005 | G85: =IF(C85>=1, (K85-C85)*(1+$P85*$G$2/100)/$G$2+Q85,"") -> 6070.4633 | H85: =IF(C85>=1, (K85-C85)*(1+$P85*$H$2/100)/$H$2+Q85, "") -> 5272.1383 | I85: =IF(C85>=1, (K85-C85)*(1+$P85*$I$2/100)/$I$2+Q85, "") -> 4739.9216 | K85: 95800 | L85: 93100 | M85: 94960 | N85: 95860 | O85: 96660 | P85: 2.17 | S85: 200 | T85: 50
A86: 66900 | B86: SZ16 | C86: 1 | D86: =IF(C86>=1,(K86-C86)*(1+P86*$D$2/100)/$D$2+Q86,"") -> 13136.691 | E86: =IF(C86>=1,(K86-C86)*(1+P86*$E$2/100)/$E$2+Q86,"") -> 7325.0247 | F86: =IF(C86>=1,(K86-C86)*(1+$P86*$F$2/100)/$F$2+Q86, "") -> 5387.8024 | G86: =IF(C86>=1, (K86-C86)*(1+$P86*$G$2/100)/$G$2+Q86,"") -> 4419.1913 | H86: =IF(C86>=1, (K86-C86)*(1+$P86*$H$2/100)/$H$2+Q86, "") -> 3838.0247 | I86: =IF(C86>=1, (K86-C86)*(1+$P86*$I$2/100)/$I$2+Q86, "") -> 3450.5802 | K86: 69741 | L86: 68764 | M86: =69989+60 -> 70049 | N86: =70314+60 -> 70374 | O86: =70541+60 -> 70601 | P86: 2.17 | S86: 200 | T86: 50
A87: 68900 | B87: SZ (BE91) | C87: 1 | D87: =IF(C87>=1,(K87-C87)*(1+P87*$D$2/100)/$D$2+Q87,"") -> 13513.425 | E87: =IF(C87>=1,(K87-C87)*(1+P87*$E$2/100)/$E$2+Q87,"") -> 7535.0913 | F87: =IF(C87>=1,(K87-C87)*(1+$P87*$F$2/100)/$F$2+Q87, "") -> 5542.3136 | G87: =IF(C87>=1, (K87-C87)*(1+$P87*$G$2/100)/$G$2+Q87,"") -> 4545.9247 | H87: =IF(C87>=1, (K87-C87)*(1+$P87*$H$2/100)/$H$2+Q87, "") -> 3948.0913 | I87: =IF(C87>=1, (K87-C87)*(1+$P87*$I$2/100)/$I$2+Q87, "") -> 3549.5358 | K87: 71741 | L87: 70764 | M87: 72049 | N87: 72374 | O87: 72601 | P87: 2.17 | S87: 200 | T87: 50
E88: =IF(C88>=1,(K88-C88)*(1+P88*$E$2/100)/$E$2+Q88,"")
B89: ASIASTAR | D89: =IF(C89>=1,(K89-C89)*(1+P89*$D$2/100)/$D$2+Q89,"") | E89: =IF(C89>=1,(K89-C89)*(1+P89*$E$2/100)/$E$2+Q89,"")
B90: BUFFALO 150 | D90: =IF(C90>=1,(K90-C90)*(1+P90*$D$2/100)/$D$2+Q90,"") | E90: =IF(C90>=1,(K90-C90)*(1+P90*$E$2/100)/$E$2+Q90,"") | F90: =IF(C90>=1,(K90-C90)*(1+$P90*$F$2/100)/$F$2+Q90, "") | G90: =IF(C90>=1, (K90-C90)*(1+$P90*$G$2/100)/$G$2+Q90,"") | H90: =IF(C90>=1, (K90-C90)*(1+$P90*$H$2/100)/$H$2+Q90, "") | I90: =IF(C90>=1, (K90-C90)*(1+$P90*$I$2/100)/$I$2+Q90, "") | K90: 68000 | L90: 65000 | M90: =66900+60 -> 66960 | N90: =67900+60 -> 67960 | O90: =68800+60 -> 68860 | P90: 2.5 | S90: 500 | T90: 100
B91: BUFFALO SPORT 250 | D91: =IF(C91>=1, (K91-C91)*(1+$P91*$D$2/100)/$D$2+Q91, "") | E91: =IF(C91>=1, (K91-C91)*(1+$P91*$E$2/100)/$E$2+Q91, "") | F91: =IF(C91>=1, (K91-C91)*(1+$P91*$F$2/100)/$F$2+Q91, "") | G91: =IF(C91>=1, (K91-C91)*(1+$P91*$G$2/100)/$G$2+Q91,"") | H91: =IF(C91>=1, (K91-C91)*(1+$P91*$H$2/100)/$H$2+Q91, "") | I91: =IF(C91>=1, (K91-C91)*(1+$P91*$I$2/100)/$I$2+Q91, "") | K91: 118000 | L91: 106200 | M91: 111093 | N91: 115026 | O91: 118860 | P91: 2.3 | S91: 250 | T91: 100
C93: I.R. | D93: 6 | E93: 12 | F93: 18 | G93: 24 | H93: 30 | I93: 36
C94: 2.17 | D94: =1+C94*$D$93/100 -> 1.1302 | E94: =1+C94*$E$93/100 -> 1.2604 | F94: =1+C94*$F$93/100 -> 1.3906 | G94: =1+C94*$G$93/100 -> 1.5208 | H94: =1+C94*$H$93/100 -> 1.651 | I94: =1+C94*$I$93/100 -> 1.7812
C95: 2.3 | D95: =1+C95*$D$93/100 -> 1.138 | E95: =1+C95*$E$93/100 -> 1.276 | F95: =1+C95*$F$93/100 -> 1.414 | G95: =1+C95*$G$93/100 -> 1.552 | H95: =1+C95*$H$93/100 -> 1.69 | I95: =1+C95*$I$93/100 -> 1.828
C96: 2.5 | D96: =1+C96*$D$93/100 -> 1.15 | E96: =1+C96*$E$93/100 -> 1.3 | F96: =1+C96*$F$93/100 -> 1.45 | G96: =1+C96*$G$93/100 -> 1.6 | H96: =1+C96*$H$93/100 -> 1.75 | I96: =1+C96*$I$93/100 -> 1.9
C97: 3 | D97: =1+C97*$D$93/100 -> 1.18 | E97: =1+C97*$E$93/100 -> 1.36 | F97: =1+C97*$F$93/100 -> 1.54 | G97: =1+C97*$G$93/100 -> 1.72 | H97: =1+C97*$H$93/100 -> 1.9 | I97: =1+C97*$I$93/100 -> 2.08
C98: 3.25 | D98: =1+C98*$D$93/100 -> 1.195 | E98: =1+C98*$E$93/100 -> 1.39 | F98: =1+C98*$F$93/100 -> 1.585 | G98: =1+C98*$G$93/100 -> 1.78 | H98: =1+C98*$H$93/100 -> 1.975 | I98: =1+C98*$I$93/100 -> 2.17

Sheet Sheet3
A1: LCP | B1: : | C1: 200000
A2: DP | B2: : | C2: 20000
A3: BALANCE | B3: : | C3: =+C1-C2 -> 180000
A4: PRONOTE | B4: : | C4: =4702*24 -> 112848
A6: Term | B6: MA | C6: DP | D6: Total | E6: AOC | F6: Total Price
A7: 6 | B7: 13519 | C7: =+C2 -> 20000 | D7: =+B7*A7+C7 -> 101114 | E7: 860 | F7: =+D7+E7 -> 101974
A8: 12 | B8: 7641 | C8: =+C2 -> 20000 | D8: =+A8*B8+C8 -> 111692 | E8: 860 | F8: =+D8+E8 -> 112552
A9: 18 | B9: 5682 | C9: =+C2 -> 20000 | D9: =+A9*B9+C9 -> 122276 | E9: 760 | F9: =+D9+E9 -> 123036
A10: 24 | B10: 4702 | C10: =+C2 -> 20000 | D10: =+A10*B10+C10 -> 132848 | E10: 760 | F10: =+D10+E10 -> 133608
A11: 30 | B11: 4511 | C11: =+C2 -> 20000 | D11: =+A11*B11+C11 -> 155330 | E11: 760 | F11: =+D11+E11 -> 156090
A12: 36 | B12: 4116 | C12: =+C2 -> 20000 | D12: =+A12*B12+C12 -> 168176 | E12: 260 | F12: =D12+E12 -> 168436
A14: DP | B14: =+C2 -> 20000 | D14: FN | E14: 1000
A15: PN | B15: =+C4 -> 112848 | D15: BONUS | E15: 200
A16: TOTAL | B16: =+B14+B15 -> 132848 | D16: COM | E16: 500
A17: INV PRICE | B17: =+C1 -> 200000 | D17: PROMO
A18: Price Diff | B18: =+B16-B17 -> -67152 | D18: SUS ACCT | E18: =+C1*1.5% -> 3000
D19: UFI | E19: =+B18-E14-E15-E16-E17-E18 -> -71852
C26: =2792-1248 -> 1544
